{
	"credit": "Made by samus2002",
	"textures": {
		"1": "rpg_mount_4_texture/wyvern_green",
		"particle": "rpg_mount_4_texture/wyvern_green"
	},
	"elements": [
		{
			"from": [10.25, 5.17116, -1.17162],
			"to": [10.25, 7.17116, 4.82838],
			"rotation": {"angle": 0, "axis": "y", "origin": [8, 7.62418, 8]},
			"faces": {
				"north": {"uv": [9.125, 6.5625, 9.125, 6.6875], "texture": "#1"},
				"east": {"uv": [7.375, 9.625, 7, 9.75], "texture": "#1"},
				"south": {"uv": [9.1875, 6.5625, 9.1875, 6.6875], "texture": "#1"},
				"west": {"uv": [7, 9.625, 7.375, 9.75], "texture": "#1"},
				"up": {"uv": [4.6875, 10.3125, 4.6875, 9.9375], "texture": "#1"},
				"down": {"uv": [6.0625, 9.9375, 6.0625, 10.3125], "texture": "#1"}
			}
		},
		{
			"from": [4.0375, 7.33067, 7.70144],
			"to": [11.9625, 13.33067, 12.70144],
			"rotation": {"angle": 22.5, "axis": "x", "origin": [8, 7.62418, 8]},
			"faces": {
				"north": {"uv": [8.5, 7.0625, 9, 7.4375], "texture": "#1"},
				"east": {"uv": [6.375, 9.125, 6.6875, 9.5], "texture": "#1"},
				"south": {"uv": [8.5, 7.0625, 9, 7.4375], "texture": "#1"},
				"west": {"uv": [9.1875, 1.125, 9.5, 1.5], "texture": "#1"},
				"up": {"uv": [3.375, 9, 2.875, 8.6875], "texture": "#1"},
				"down": {"uv": [3.375, 9, 2.875, 8.6875], "texture": "#1"}
			}
		},
		{
			"from": [4.99435, 10.08562, 11.05205],
			"to": [4.99435, 14.08562, 19.05205],
			"rotation": {"angle": -22.5, "axis": "y", "origin": [8, 7.62418, 8]},
			"faces": {
				"north": {"uv": [3.4375, 8.6875, 3.4375, 8.9375], "texture": "#1"},
				"east": {"uv": [3.375, 9.0625, 2.875, 9.3125], "texture": "#1"},
				"south": {"uv": [1.375, 8.75, 1.375, 9], "texture": "#1"},
				"west": {"uv": [2.875, 9.0625, 3.375, 9.3125], "texture": "#1"},
				"up": {"uv": [4.9375, 10.1875, 4.9375, 9.6875], "texture": "#1"},
				"down": {"uv": [5, 9.6875, 5, 10.1875], "texture": "#1"}
			}
		},
		{
			"from": [4.99435, 5.08562, 11.05205],
			"to": [4.99435, 9.08562, 19.05205],
			"rotation": {"angle": -22.5, "axis": "y", "origin": [8, 7.62418, 8]},
			"faces": {
				"north": {"uv": [3.4375, 10, 3.4375, 10.25], "texture": "#1"},
				"east": {"uv": [9.625, 2.125, 9.125, 2.375], "texture": "#1"},
				"south": {"uv": [3.5, 10, 3.5, 10.25], "texture": "#1"},
				"west": {"uv": [9.125, 2.125, 9.625, 2.375], "texture": "#1"},
				"up": {"uv": [3.5625, 10.5, 3.5625, 10], "texture": "#1"},
				"down": {"uv": [3.625, 10, 3.625, 10.5], "texture": "#1"}
			}
		},
		{
			"from": [6.39685, 7.58562, 11.89046],
			"to": [6.39685, 11.58562, 19.89046],
			"rotation": {"angle": -45, "axis": "y", "origin": [8, 7.62418, 8]},
			"faces": {
				"north": {"uv": [8.5, 7.5, 8.5, 7.75], "texture": "#1"},
				"east": {"uv": [9.5, 3.125, 9, 3.375], "texture": "#1"},
				"south": {"uv": [5.375, 8.5625, 5.375, 8.8125], "texture": "#1"},
				"west": {"uv": [9, 3.125, 9.5, 3.375], "texture": "#1"},
				"up": {"uv": [5.6875, 9.5625, 5.6875, 9.0625], "texture": "#1"},
				"down": {"uv": [5.75, 9.0625, 5.75, 9.5625], "texture": "#1"}
			}
		},
		{
			"from": [11.00565, 5.08562, 11.05205],
			"to": [11.00565, 9.08562, 19.05205],
			"rotation": {"angle": 22.5, "axis": "y", "origin": [8, 7.62418, 8]},
			"faces": {
				"north": {"uv": [3.4375, 10, 3.4375, 10.25], "texture": "#1"},
				"east": {"uv": [9.625, 2.125, 9.125, 2.375], "texture": "#1"},
				"south": {"uv": [3.5, 10, 3.5, 10.25], "texture": "#1"},
				"west": {"uv": [9.125, 2.125, 9.625, 2.375], "texture": "#1"},
				"up": {"uv": [3.5625, 10.5, 3.5625, 10], "texture": "#1"},
				"down": {"uv": [3.625, 10, 3.625, 10.5], "texture": "#1"}
			}
		},
		{
			"from": [9.60315, 7.58562, 11.89046],
			"to": [9.60315, 11.58562, 19.89046],
			"rotation": {"angle": 45, "axis": "y", "origin": [8, 7.62418, 8]},
			"faces": {
				"north": {"uv": [8.5, 7.5, 8.5, 7.75], "texture": "#1"},
				"east": {"uv": [9.5, 3.125, 9, 3.375], "texture": "#1"},
				"south": {"uv": [5.375, 8.5625, 5.375, 8.8125], "texture": "#1"},
				"west": {"uv": [9, 3.125, 9.5, 3.375], "texture": "#1"},
				"up": {"uv": [5.6875, 9.5625, 5.6875, 9.0625], "texture": "#1"},
				"down": {"uv": [5.75, 9.0625, 5.75, 9.5625], "texture": "#1"}
			}
		},
		{
			"from": [11.00565, 10.08562, 11.05205],
			"to": [11.00565, 14.08562, 19.05205],
			"rotation": {"angle": 22.5, "axis": "y", "origin": [8, 7.62418, 8]},
			"faces": {
				"north": {"uv": [3.4375, 8.6875, 3.4375, 8.9375], "texture": "#1"},
				"east": {"uv": [3.375, 9.0625, 2.875, 9.3125], "texture": "#1"},
				"south": {"uv": [1.375, 8.75, 1.375, 9], "texture": "#1"},
				"west": {"uv": [2.875, 9.0625, 3.375, 9.3125], "texture": "#1"},
				"up": {"uv": [4.9375, 10.1875, 4.9375, 9.6875], "texture": "#1"},
				"down": {"uv": [5, 9.6875, 5, 10.1875], "texture": "#1"}
			}
		},
		{
			"from": [4, 6.2846, 4.82398],
			"to": [12, 12.2846, 11.82398],
			"rotation": {"angle": -22.5, "axis": "x", "origin": [8, 7.62418, 8]},
			"faces": {
				"north": {"uv": [8.5625, 2.125, 9.0625, 2.5], "texture": "#1"},
				"east": {"uv": [6.5, 2.1875, 6.9375, 2.5625], "texture": "#1"},
				"south": {"uv": [8.5625, 2.125, 9.0625, 2.5], "texture": "#1"},
				"west": {"uv": [2.375, 8.6875, 2.8125, 9.0625], "texture": "#1"},
				"up": {"uv": [2, 8.5625, 1.5, 8.125], "texture": "#1"},
				"down": {"uv": [2, 8.5625, 1.5, 8.125], "texture": "#1"}
			}
		},
		{
			"from": [4.025, 8.19887, 11.00804],
			"to": [7.025, 11.19887, 16.00804],
			"rotation": {"angle": -45, "axis": "x", "origin": [8, 7.62418, 8]},
			"faces": {
				"north": {"uv": [4.125, 7.5, 4.3125, 7.6875], "texture": "#1"},
				"east": {"uv": [9.4375, 3.4375, 9.75, 3.625], "texture": "#1"},
				"south": {"uv": [7.4375, 9.1875, 7.625, 9.375], "texture": "#1"},
				"west": {"uv": [7.4375, 9.4375, 7.75, 9.625], "texture": "#1"},
				"up": {"uv": [4.3125, 7.4375, 4.125, 7.125], "texture": "#1"},
				"down": {"uv": [7, 8.5625, 6.8125, 8.875], "texture": "#1"}
			}
		},
		{
			"from": [8.17006, 12.63242, 12.19654],
			"to": [10.17006, 15.63242, 17.19654],
			"rotation": {"angle": -45, "axis": "y", "origin": [8, 7.62418, 8]},
			"faces": {
				"north": {"uv": [7.5, 5.25, 7.625, 5.4375], "texture": "#1"},
				"east": {"uv": [9.4375, 8, 9.75, 8.1875], "texture": "#1"},
				"south": {"uv": [2.6875, 9.125, 2.8125, 9.3125], "texture": "#1"},
				"west": {"uv": [3.4375, 9.5, 3.75, 9.6875], "texture": "#1"},
				"up": {"uv": [2.0625, 9.9375, 1.9375, 9.625], "texture": "#1"},
				"down": {"uv": [4.875, 9.6875, 4.75, 10], "texture": "#1"}
			}
		},
		{
			"from": [1.975, 16.91107, 7.68375],
			"to": [3.975, 22.91107, 9.68375],
			"rotation": {"angle": 45, "axis": "x", "origin": [8, 7.62418, 8]},
			"faces": {
				"north": {"uv": [7.8125, 9.4375, 7.9375, 9.8125], "texture": "#1"},
				"east": {"uv": [6.0625, 9.5, 6.1875, 9.875], "texture": "#1"},
				"south": {"uv": [9.5625, 1.125, 9.6875, 1.5], "texture": "#1"},
				"west": {"uv": [9.5625, 1.5625, 9.6875, 1.9375], "texture": "#1"},
				"up": {"uv": [8.5, 2.6875, 8.375, 2.5625], "texture": "#1"},
				"down": {"uv": [3.625, 8.375, 3.5, 8.5], "texture": "#1"}
			}
		},
		{
			"from": [12.025, 16.91107, 7.68375],
			"to": [14.025, 22.91107, 9.68375],
			"rotation": {"angle": 45, "axis": "x", "origin": [8, 7.62418, 8]},
			"faces": {
				"north": {"uv": [2.125, 9.5625, 2.25, 9.9375], "texture": "#1"},
				"east": {"uv": [5.0625, 9.5625, 5.1875, 9.9375], "texture": "#1"},
				"south": {"uv": [9.5625, 5.25, 9.6875, 5.625], "texture": "#1"},
				"west": {"uv": [9.5625, 5.6875, 9.6875, 6.0625], "texture": "#1"},
				"up": {"uv": [9.0625, 6.6875, 8.9375, 6.5625], "texture": "#1"},
				"down": {"uv": [9.875, 1.8125, 9.75, 1.9375], "texture": "#1"}
			}
		},
		{
			"from": [5.82994, 12.63242, 12.19654],
			"to": [7.82994, 15.63242, 17.19654],
			"rotation": {"angle": 45, "axis": "y", "origin": [8, 7.62418, 8]},
			"faces": {
				"north": {"uv": [8.875, 9.75, 9, 9.9375], "texture": "#1"},
				"east": {"uv": [9.5625, 0, 9.875, 0.1875], "texture": "#1"},
				"south": {"uv": [2.625, 9.8125, 2.75, 10], "texture": "#1"},
				"west": {"uv": [0.4375, 9.5625, 0.75, 9.75], "texture": "#1"},
				"up": {"uv": [8.125, 10, 8, 9.6875], "texture": "#1"},
				"down": {"uv": [8.3125, 9.6875, 8.1875, 10], "texture": "#1"}
			}
		},
		{
			"from": [8.975, 8.19887, 11.00804],
			"to": [11.975, 11.19887, 16.00804],
			"rotation": {"angle": -45, "axis": "x", "origin": [8, 7.62418, 8]},
			"faces": {
				"north": {"uv": [8.375, 9.6875, 8.5625, 9.875], "texture": "#1"},
				"east": {"uv": [8.6875, 9.5, 9, 9.6875], "texture": "#1"},
				"south": {"uv": [9.75, 1.0625, 9.9375, 1.25], "texture": "#1"},
				"west": {"uv": [9.375, 9.5, 9.6875, 9.6875], "texture": "#1"},
				"up": {"uv": [2.3125, 9.5, 2.125, 9.1875], "texture": "#1"},
				"down": {"uv": [1.0625, 9.3125, 0.875, 9.625], "texture": "#1"}
			}
		},
		{
			"from": [5.5, 7.17116, -1.42162],
			"to": [10.5, 10.17116, 5.57838],
			"rotation": {"angle": 0, "axis": "y", "origin": [8, 7.62418, 8]},
			"faces": {
				"north": {"uv": [9.375, 9.25, 9.6875, 9.4375], "texture": "#1"},
				"east": {"uv": [7, 5.25, 7.4375, 5.4375], "texture": "#1"},
				"south": {"uv": [9.4375, 0.3125, 9.75, 0.5], "texture": "#1"},
				"west": {"uv": [2.625, 8.125, 3.0625, 8.3125], "texture": "#1"},
				"up": {"uv": [8, 9.375, 7.6875, 8.9375], "texture": "#1"},
				"down": {"uv": [3.75, 9, 3.4375, 9.4375], "texture": "#1"}
			}
		},
		{
			"from": [5.75, 5.17116, -1.17162],
			"to": [10.25, 7.17116, -1.17162],
			"rotation": {"angle": 0, "axis": "y", "origin": [8, 7.62418, 8]},
			"faces": {
				"north": {"uv": [9.6875, 8.875, 10, 9], "texture": "#1"},
				"east": {"uv": [5.6875, 9.625, 5.6875, 9.75], "texture": "#1"},
				"south": {"uv": [10, 8.875, 9.6875, 9], "texture": "#1"},
				"west": {"uv": [5.75, 9.625, 5.75, 9.75], "texture": "#1"},
				"up": {"uv": [9.3125, 0.3125, 9, 0.3125], "texture": "#1"},
				"down": {"uv": [9.3125, 3.4375, 9, 3.4375], "texture": "#1"}
			}
		},
		{
			"from": [5.75, 5.17116, -1.17162],
			"to": [5.75, 7.17116, 4.82838],
			"rotation": {"angle": 0, "axis": "y", "origin": [8, 7.62418, 8]},
			"faces": {
				"north": {"uv": [9.125, 6.5625, 9.125, 6.6875], "texture": "#1"},
				"east": {"uv": [7.375, 9.625, 7, 9.75], "texture": "#1"},
				"south": {"uv": [9.1875, 6.5625, 9.1875, 6.6875], "texture": "#1"},
				"west": {"uv": [7, 9.625, 7.375, 9.75], "texture": "#1"},
				"up": {"uv": [4.6875, 10.3125, 4.6875, 9.9375], "texture": "#1"},
				"down": {"uv": [6.0625, 9.9375, 6.0625, 10.3125], "texture": "#1"}
			}
		},
		{
			"from": [5.5, 5.17116, -1.42162],
			"to": [10.5, 7.17116, 5.57838],
			"rotation": {"angle": 0, "axis": "y", "origin": [8, 7.62418, 8]},
			"faces": {
				"north": {"uv": [9.6875, 6.5625, 10, 6.6875], "texture": "#1"},
				"east": {"uv": [7.875, 2.5625, 8.3125, 2.6875], "texture": "#1"},
				"south": {"uv": [7.4375, 9.6875, 7.75, 9.8125], "texture": "#1"},
				"west": {"uv": [8.4375, 6.5625, 8.875, 6.6875], "texture": "#1"},
				"up": {"uv": [9.3125, 4.4375, 9, 4], "texture": "#1"},
				"down": {"uv": [9.3125, 4.5, 9, 4.9375], "texture": "#1"}
			}
		},
		{
			"from": [5.75, 7.17116, -1.17162],
			"to": [10.25, 9.17116, -1.17162],
			"rotation": {"angle": 0, "axis": "y", "origin": [8, 7.62418, 8]},
			"faces": {
				"north": {"uv": [9.6875, 8.5, 10, 8.625], "texture": "#1"},
				"east": {"uv": [8.375, 7.0625, 8.375, 7.1875], "texture": "#1"},
				"south": {"uv": [10, 8.5, 9.6875, 8.625], "texture": "#1"},
				"west": {"uv": [8.4375, 7.0625, 8.4375, 7.1875], "texture": "#1"},
				"up": {"uv": [4, 8.25, 3.6875, 8.25], "texture": "#1"},
				"down": {"uv": [8.875, 8.3125, 8.5625, 8.3125], "texture": "#1"}
			}
		},
		{
			"from": [5.75, 7.17116, -1.17162],
			"to": [5.75, 9.17116, 4.82838],
			"rotation": {"angle": 0, "axis": "y", "origin": [8, 7.62418, 8]},
			"faces": {
				"north": {"uv": [8.5625, 2.5625, 8.5625, 2.6875], "texture": "#1"},
				"east": {"uv": [5.625, 9.625, 5.25, 9.75], "texture": "#1"},
				"south": {"uv": [5.375, 8.875, 5.375, 9], "texture": "#1"},
				"west": {"uv": [5.25, 9.625, 5.625, 9.75], "texture": "#1"},
				"up": {"uv": [3.3125, 10.3125, 3.3125, 9.9375], "texture": "#1"},
				"down": {"uv": [3.375, 9.9375, 3.375, 10.3125], "texture": "#1"}
			}
		},
		{
			"from": [10.25, 7.17116, -1.17162],
			"to": [10.25, 9.17116, 4.82838],
			"rotation": {"angle": 0, "axis": "y", "origin": [8, 7.62418, 8]},
			"faces": {
				"north": {"uv": [8.5625, 2.5625, 8.5625, 2.6875], "texture": "#1"},
				"east": {"uv": [5.625, 9.625, 5.25, 9.75], "texture": "#1"},
				"south": {"uv": [5.375, 8.875, 5.375, 9], "texture": "#1"},
				"west": {"uv": [5.25, 9.625, 5.625, 9.75], "texture": "#1"},
				"up": {"uv": [3.3125, 10.3125, 3.3125, 9.9375], "texture": "#1"},
				"down": {"uv": [3.375, 9.9375, 3.375, 10.3125], "texture": "#1"}
			}
		}
	],
	"gui_light": "front",
	"display": {
		"gui": {
			"rotation": [90, 101, -90],
			"translation": [-0.25, -2.75, 0],
			"scale": [0.75, 0.75, 0.75]
		}
	},
	"groups": [
		{
			"name": "h_head",
			"origin": [8, 4.50874, 10.2207],
			"rotation": [2.5, 0, 0],
			"color": 0,
			"children": [
				0,
				1,
				2,
				3,
				4,
				5,
				6,
				7,
				8,
				9,
				10,
				11,
				12,
				13,
				14,
				15,
				16,
				17,
				{
					"name": "h_jaw",
					"origin": [8, 3.92116, 5.39088],
					"color": 0,
					"children": [18, 19, 20, 21]
				},
				{
					"name": "tag_name",
					"origin": [8, 7.96149, 8.32339],
					"color": 0,
					"children": []
				}
			]
		}
	]
}