{
	"credit": "Made by samus2002",
	"textures": {
		"0": "rpg_mount_4_texture/tusker_dreamlight",
		"particle": "rpg_mount_4_texture/tusker_dreamlight"
	},
	"elements": [
		{
			"from": [1.5, 7.58415, 7.70932],
			"to": [14.5, 16.58415, 20.70932],
			"rotation": {"angle": -45, "axis": "x", "origin": [8, 11, 6]},
			"faces": {
				"north": {"uv": [2.625, 4.1875, 3.4375, 4.75], "texture": "#0"},
				"east": {"uv": [3.5, 4.1875, 4.3125, 4.75], "texture": "#0"},
				"south": {"uv": [0, 4.25, 0.8125, 4.8125], "texture": "#0"},
				"west": {"uv": [0.875, 4.25, 1.6875, 4.8125], "texture": "#0"},
				"up": {"uv": [0.8125, 4.1875, 0, 3.375], "texture": "#0"},
				"down": {"uv": [1.6875, 3.375, 0.875, 4.1875], "texture": "#0"}
			}
		},
		{
			"from": [3.5, 6.99617, 3.14204],
			"to": [12.5, 15.99617, 10.14204],
			"rotation": {"angle": 22.5, "axis": "x", "origin": [8, 11, 6]},
			"faces": {
				"north": {"uv": [1.5625, 5.0625, 2.125, 5.625], "texture": "#0"},
				"east": {"uv": [0, 6.3125, 0.4375, 6.875], "texture": "#0"},
				"south": {"uv": [1.5625, 5.0625, 2.125, 5.625], "texture": "#0"},
				"west": {"uv": [6.375, 5.9375, 6.8125, 6.5], "texture": "#0"},
				"up": {"uv": [6.9375, 2.6875, 6.375, 2.25], "texture": "#0"},
				"down": {"uv": [7, 4.0625, 6.4375, 4.5], "texture": "#0"}
			}
		},
		{
			"from": [-2, 6.84413, 9.25674],
			"to": [3, 16.84413, 14.25674],
			"rotation": {"angle": 22.5, "axis": "x", "origin": [8, 11, 6]},
			"faces": {
				"north": {"uv": [0, 6.9375, 0.3125, 7.5625], "texture": "#0"},
				"east": {"uv": [7.125, 0.4375, 7.4375, 1.0625], "texture": "#0"},
				"south": {"uv": [0, 6.9375, 0.3125, 7.5625], "texture": "#0"},
				"west": {"uv": [7.125, 0.4375, 7.4375, 1.0625], "texture": "#0"},
				"up": {"uv": [7.25, 7.8125, 6.9375, 8.125], "texture": "#0"},
				"down": {"uv": [7.25, 7.8125, 6.9375, 8.125], "texture": "#0"}
			}
		},
		{
			"from": [-1.975, 3.52626, -2.33248],
			"to": [2.025, 7.52626, 8.66752],
			"rotation": {"angle": -22.5, "axis": "x", "origin": [8, 11, 6]},
			"faces": {
				"north": {"uv": [4.625, 7.9375, 4.875, 8.1875], "texture": "#0"},
				"east": {"uv": [4.625, 7.375, 5.3125, 7.625], "texture": "#0"},
				"south": {"uv": [4.875, 7.9375, 4.625, 8.1875], "texture": "#0"},
				"west": {"uv": [4.625, 7.375, 5.3125, 7.625], "texture": "#0"},
				"up": {"uv": [5.625, 8.0625, 5.375, 7.375], "texture": "#0"},
				"down": {"uv": [5.625, 8.0625, 5.375, 7.375], "texture": "#0"}
			}
		},
		{
			"from": [-1.95, 1.48537, -3.43781],
			"to": [1.05, 4.48537, 5.56219],
			"rotation": {"angle": 22.5, "axis": "x", "origin": [8, 11, 6]},
			"faces": {
				"north": {"uv": [5.25, 4.5625, 5.4375, 4.75], "texture": "#0"},
				"east": {"uv": [7.6875, 5.125, 8.25, 5.3125], "texture": "#0"},
				"south": {"uv": [5.4375, 4.5625, 5.25, 4.75], "texture": "#0"},
				"west": {"uv": [7.6875, 5.125, 8.25, 5.3125], "texture": "#0"},
				"up": {"uv": [7.875, 7.875, 7.6875, 7.3125], "texture": "#0"},
				"down": {"uv": [7.875, 7.875, 7.6875, 7.3125], "texture": "#0"}
			}
		},
		{
			"from": [-3.18258, 8.86317, 10.62901],
			"to": [1.81742, 13.86317, 16.62901],
			"rotation": {"angle": -22.5, "axis": "z", "origin": [8, 11, 6]},
			"faces": {
				"north": {"uv": [7.3125, 7.8125, 7.625, 8.125], "texture": "#0"},
				"east": {"uv": [2.75, 6.5625, 3.125, 6.875], "texture": "#0"},
				"south": {"uv": [7.3125, 7.8125, 7.625, 8.125], "texture": "#0"},
				"west": {"uv": [2.75, 6.5625, 3.125, 6.875], "texture": "#0"},
				"up": {"uv": [7.8125, 7.25, 7.5, 6.875], "texture": "#0"},
				"down": {"uv": [7.9375, 0, 7.625, 0.375], "texture": "#0"}
			}
		},
		{
			"from": [-0.36705, 9.77786, 0.11845],
			"to": [1.63295, 11.77786, 8.11845],
			"rotation": {"angle": -22.5, "axis": "y", "origin": [8, 11, 6]},
			"faces": {
				"north": {"uv": [2.125, 3.375, 2.25, 3.5], "texture": "#0"},
				"east": {"uv": [7.875, 4.6875, 8.375, 4.8125], "texture": "#0"},
				"south": {"uv": [1.5625, 4.875, 1.6875, 5], "texture": "#0"},
				"west": {"uv": [7.875, 7.125, 8.375, 7.25], "texture": "#0"},
				"up": {"uv": [1.0625, 2.625, 0.9375, 2.125], "texture": "#0"},
				"down": {"uv": [5.125, 3.625, 5, 4.125], "texture": "#0"}
			}
		},
		{
			"from": [1.77635, 8.80286, -1.43257],
			"to": [4.77635, 11.80286, 7.56743],
			"rotation": {"angle": 45, "axis": "y", "origin": [8, 11, 6]},
			"faces": {
				"north": {"uv": [7.0625, 4.3125, 7.25, 4.5], "texture": "#0"},
				"east": {"uv": [5.6875, 7.75, 6.25, 7.9375], "texture": "#0"},
				"south": {"uv": [7.3125, 4.3125, 7.5, 4.5], "texture": "#0"},
				"west": {"uv": [7.8125, 0.4375, 8.375, 0.625], "texture": "#0"},
				"up": {"uv": [0.5, 8.375, 0.3125, 7.8125], "texture": "#0"},
				"down": {"uv": [0.75, 7.8125, 0.5625, 8.375], "texture": "#0"}
			}
		},
		{
			"from": [5.5, 0.0329, 2.44088],
			"to": [10.5, 9.0329, 6.44088],
			"rotation": {"angle": -22.5, "axis": "x", "origin": [8, 11, 6]},
			"faces": {
				"north": {"uv": [3.125, 7.375, 3.4375, 7.9375], "texture": "#0"},
				"east": {"uv": [7.5625, 4.3125, 7.8125, 4.875], "texture": "#0"},
				"south": {"uv": [3.125, 7.375, 3.4375, 7.9375], "texture": "#0"},
				"west": {"uv": [7.625, 1.625, 7.875, 2.1875], "texture": "#0"},
				"up": {"uv": [2.0625, 3.625, 1.75, 3.375], "texture": "#0"},
				"down": {"uv": [2.0625, 3.625, 1.75, 3.375], "texture": "#0"}
			}
		},
		{
			"from": [14.95, 1.48537, -3.43781],
			"to": [17.95, 4.48537, 5.56219],
			"rotation": {"angle": 22.5, "axis": "x", "origin": [8, 11, 6]},
			"faces": {
				"north": {"uv": [5.4375, 4.5625, 5.25, 4.75], "texture": "#0"},
				"east": {"uv": [8.25, 5.125, 7.6875, 5.3125], "texture": "#0"},
				"south": {"uv": [5.25, 4.5625, 5.4375, 4.75], "texture": "#0"},
				"west": {"uv": [8.25, 5.125, 7.6875, 5.3125], "texture": "#0"},
				"up": {"uv": [7.6875, 7.875, 7.875, 7.3125], "texture": "#0"},
				"down": {"uv": [7.6875, 7.875, 7.875, 7.3125], "texture": "#0"}
			}
		},
		{
			"from": [13.975, 3.52626, -2.33248],
			"to": [17.975, 7.52626, 8.66752],
			"rotation": {"angle": -22.5, "axis": "x", "origin": [8, 11, 6]},
			"faces": {
				"north": {"uv": [4.875, 7.9375, 4.625, 8.1875], "texture": "#0"},
				"east": {"uv": [5.3125, 7.375, 4.625, 7.625], "texture": "#0"},
				"south": {"uv": [4.625, 7.9375, 4.875, 8.1875], "texture": "#0"},
				"west": {"uv": [5.3125, 7.375, 4.625, 7.625], "texture": "#0"},
				"up": {"uv": [5.375, 8.0625, 5.625, 7.375], "texture": "#0"},
				"down": {"uv": [5.375, 8.0625, 5.625, 7.375], "texture": "#0"}
			}
		},
		{
			"from": [13, 6.84413, 9.25674],
			"to": [18, 16.84413, 14.25674],
			"rotation": {"angle": 22.5, "axis": "x", "origin": [8, 11, 6]},
			"faces": {
				"north": {"uv": [0.3125, 6.9375, 0, 7.5625], "texture": "#0"},
				"east": {"uv": [7.4375, 0.4375, 7.125, 1.0625], "texture": "#0"},
				"south": {"uv": [0.3125, 6.9375, 0, 7.5625], "texture": "#0"},
				"west": {"uv": [7.4375, 0.4375, 7.125, 1.0625], "texture": "#0"},
				"up": {"uv": [6.9375, 7.8125, 7.25, 8.125], "texture": "#0"},
				"down": {"uv": [6.9375, 7.8125, 7.25, 8.125], "texture": "#0"}
			}
		},
		{
			"from": [14.36705, 9.77786, 0.11845],
			"to": [16.36705, 11.77786, 8.11845],
			"rotation": {"angle": 22.5, "axis": "y", "origin": [8, 11, 6]},
			"faces": {
				"north": {"uv": [2.25, 3.375, 2.125, 3.5], "texture": "#0"},
				"east": {"uv": [8.375, 7.125, 7.875, 7.25], "texture": "#0"},
				"south": {"uv": [1.6875, 4.875, 1.5625, 5], "texture": "#0"},
				"west": {"uv": [8.375, 4.6875, 7.875, 4.8125], "texture": "#0"},
				"up": {"uv": [0.9375, 2.625, 1.0625, 2.125], "texture": "#0"},
				"down": {"uv": [5, 3.625, 5.125, 4.125], "texture": "#0"}
			}
		},
		{
			"from": [11.22365, 8.80286, -1.43257],
			"to": [14.22365, 11.80286, 7.56743],
			"rotation": {"angle": -45, "axis": "y", "origin": [8, 11, 6]},
			"faces": {
				"north": {"uv": [7.25, 4.3125, 7.0625, 4.5], "texture": "#0"},
				"east": {"uv": [8.375, 0.4375, 7.8125, 0.625], "texture": "#0"},
				"south": {"uv": [7.5, 4.3125, 7.3125, 4.5], "texture": "#0"},
				"west": {"uv": [6.25, 7.75, 5.6875, 7.9375], "texture": "#0"},
				"up": {"uv": [0.3125, 8.375, 0.5, 7.8125], "texture": "#0"},
				"down": {"uv": [0.5625, 7.8125, 0.75, 8.375], "texture": "#0"}
			}
		}
	],
	"gui_light": "front",
	"display": {
		"gui": {
			"rotation": [0, 90, 0],
			"translation": [1, -2.5, 0],
			"scale": [0.6, 0.6, 0.6]
		}
	},
	"groups": [
		{
			"name": "h_head",
			"origin": [7.43695, 16.27673, 18.70595],
			"color": 0,
			"children": [0, 1, 2, 3, 4, 5, 6, 7, 8, 9, 10, 11, 12, 13]
		}
	]
}