{
	"credit": "Made by samus2002",
	"textures": {
		"1": "rpg_mount_4_texture/golem_corrupted",
		"particle": "rpg_mount_4_texture/golem_corrupted"
	},
	"elements": [
		{
			"from": [4.5, 11.30633, 5.75],
			"to": [11.5, 18.30633, 12.75],
			"rotation": {"angle": 0, "axis": "x", "origin": [8, 18.55633, 8]},
			"faces": {
				"north": {"uv": [1.4375, 4.75, 1.875, 5.1875], "texture": "#1"},
				"east": {"uv": [7.3125, 2.3125, 7.75, 2.75], "texture": "#1"},
				"south": {"uv": [7.3125, 2.8125, 7.75, 3.25], "texture": "#1"},
				"west": {"uv": [7.3125, 5.25, 7.75, 5.6875], "texture": "#1"},
				"up": {"uv": [2.125, 7.8125, 1.6875, 7.375], "texture": "#1"},
				"down": {"uv": [2.625, 7.375, 2.1875, 7.8125], "texture": "#1"}
			}
		},
		{
			"from": [3.5, 8.30633, 4.75],
			"to": [12.5, 12.30633, 12.75],
			"rotation": {"angle": 0, "axis": "x", "origin": [8, 18.55633, 8]},
			"faces": {
				"north": {"uv": [7.8125, 0.75, 8.375, 1], "texture": "#1"},
				"east": {"uv": [7.8125, 2.875, 8.3125, 3.125], "texture": "#1"},
				"south": {"uv": [7.8125, 1.0625, 8.375, 1.3125], "texture": "#1"},
				"west": {"uv": [7.8125, 5, 8.3125, 5.25], "texture": "#1"},
				"up": {"uv": [7.3125, 3.8125, 6.75, 3.3125], "texture": "#1"},
				"down": {"uv": [3.4375, 7.1875, 2.875, 7.6875], "texture": "#1"}
			}
		}
	],
	"gui_light": "front",
	"display": {
		"gui": {
			"rotation": [0, 180, 0],
			"translation": [0, -5.25, 0]
		}
	},
	"groups": [
		{
			"name": "h_head",
			"origin": [8, 24.55633, 10],
			"rotation": [15, 0, 0],
			"color": 0,
			"children": [
				0,
				{
					"name": "h_jaw",
					"origin": [8, 24.78856, 10.91421],
					"color": 0,
					"children": [1]
				}
			]
		}
	]
}