{
	"credit": "Made by samus2002",
	"textures": {
		"1": "rpg_mount_4_texture/wolfhawk_stormcloud",
		"particle": "rpg_mount_4_texture/wolfhawk_stormcloud"
	},
	"elements": [
		{
			"from": [3, 5, 4.70803],
			"to": [13, 14, 13.70803],
			"rotation": {"angle": 0, "axis": "y", "origin": [4, 9.51013, 5.1871]},
			"faces": {
				"north": {"uv": [4.625, 6.5, 5.25, 7.0625], "texture": "#1"},
				"east": {"uv": [6.9375, 0.5625, 7.5, 1.125], "texture": "#1"},
				"south": {"uv": [5.3125, 6.5, 5.9375, 7.0625], "texture": "#1"},
				"west": {"uv": [1.375, 6.9375, 1.9375, 7.5], "texture": "#1"},
				"up": {"uv": [3.875, 7.1875, 3.25, 6.625], "texture": "#1"},
				"down": {"uv": [7.3125, 1.25, 6.6875, 1.8125], "texture": "#1"}
			}
		},
		{
			"from": [5.5375, 8.23044, 0.79951],
			"to": [10.4625, 11.23044, 6.79951],
			"rotation": {"angle": -22.5, "axis": "x", "origin": [7.9625, 7, 1.70803]},
			"faces": {
				"north": {"uv": [9.25, 2.4375, 9.5625, 2.625], "texture": "#1"},
				"east": {"uv": [9.0625, 5.1875, 9.4375, 5.375], "texture": "#1"},
				"south": {"uv": [3, 9.25, 3.3125, 9.4375], "texture": "#1"},
				"west": {"uv": [9.125, 3.875, 9.5, 4.0625], "texture": "#1"},
				"up": {"uv": [2.0625, 9.0625, 1.75, 8.6875], "texture": "#1"},
				"down": {"uv": [8.9375, 8.6875, 8.625, 9.0625], "texture": "#1"}
			}
		},
		{
			"from": [5.375, 5, -3.31697],
			"to": [10.625, 7, 4.68303],
			"rotation": {"angle": 0, "axis": "y", "origin": [3.875, 9.51013, 5.4371]},
			"faces": {
				"north": {"uv": [3.25, 5.8125, 3.5625, 5.9375], "texture": "#1"},
				"east": {"uv": [7.875, 4.9375, 8.375, 5.0625], "texture": "#1"},
				"south": {"uv": [8.4375, 4, 8.75, 4.125], "texture": "#1"},
				"west": {"uv": [9.125, 5.6875, 9.625, 5.8125], "texture": "#1"},
				"up": {"uv": [8.75, 0.5, 8.4375, 0], "texture": "#1"},
				"down": {"uv": [8.75, 1.1875, 8.4375, 1.6875], "texture": "#1"}
			}
		},
		{
			"from": [-4.36732, 3, 10.78415],
			"to": [6.63268, 12, 10.78415],
			"rotation": {"angle": 22.5, "axis": "y", "origin": [-0.5, 8, 8.70803]},
			"faces": {
				"north": {"uv": [3.25, 6, 3.9375, 6.5625], "texture": "#1"},
				"east": {"uv": [3.875, 7.25, 3.875, 7.8125], "texture": "#1"},
				"south": {"uv": [6, 3.25, 6.6875, 3.8125], "texture": "#1"},
				"west": {"uv": [1.8125, 7.5625, 1.8125, 8.125], "texture": "#1"},
				"up": {"uv": [10.25, 1.8125, 9.5625, 1.8125], "texture": "#1"},
				"down": {"uv": [10.375, 3.6875, 9.6875, 3.6875], "texture": "#1"}
			}
		},
		{
			"from": [5.5, 7, -3.29197],
			"to": [10.5, 11, 4.70803],
			"rotation": {"angle": 0, "axis": "y", "origin": [8, 7, 1.70803]},
			"faces": {
				"north": {"uv": [9, 9.0625, 9.3125, 9.3125], "texture": "#1"},
				"east": {"uv": [7.5, 8.625, 8, 8.875], "texture": "#1"},
				"south": {"uv": [9.125, 0.5625, 9.4375, 0.8125], "texture": "#1"},
				"west": {"uv": [8.6875, 2.25, 9.1875, 2.5], "texture": "#1"},
				"up": {"uv": [8.75, 3.375, 8.4375, 2.875], "texture": "#1"},
				"down": {"uv": [8.75, 3.4375, 8.4375, 3.9375], "texture": "#1"}
			}
		},
		{
			"from": [-1, 5, 4.70803],
			"to": [3, 11, 4.70803],
			"rotation": {"angle": 0, "axis": "y", "origin": [4, 9.51013, 5.1871]},
			"faces": {
				"north": {"uv": [0, 9.0625, 0.25, 9.4375], "texture": "#1"},
				"east": {"uv": [0.625, 6.3125, 0.625, 6.6875], "texture": "#1"},
				"south": {"uv": [0.3125, 9.0625, 0.5625, 9.4375], "texture": "#1"},
				"west": {"uv": [0.6875, 6.3125, 0.6875, 6.6875], "texture": "#1"},
				"up": {"uv": [7.3125, 4.4375, 7.0625, 4.4375], "texture": "#1"},
				"down": {"uv": [7.6875, 2.4375, 7.4375, 2.4375], "texture": "#1"}
			}
		},
		{
			"from": [0.11732, 6, 10.78415],
			"to": [0.11732, 14, 21.78415],
			"rotation": {"angle": -22.5, "axis": "y", "origin": [-2, 9.5, 19.20803]},
			"faces": {
				"north": {"uv": [3.9375, 6.625, 3.9375, 7.125], "texture": "#1"},
				"east": {"uv": [6.75, 3.875, 7.4375, 4.375], "texture": "#1"},
				"south": {"uv": [1.875, 7.5625, 1.875, 8.0625], "texture": "#1"},
				"west": {"uv": [6.75, 5.125, 7.4375, 5.625], "texture": "#1"},
				"up": {"uv": [9.4375, 10.3125, 9.4375, 9.625], "texture": "#1"},
				"down": {"uv": [9.5, 9.625, 9.5, 10.3125], "texture": "#1"}
			}
		},
		{
			"from": [5.5, 3, -3.31697],
			"to": [5.5, 5, 3.68303],
			"rotation": {"angle": 0, "axis": "y", "origin": [4, 9.51013, 5.4371]},
			"faces": {
				"north": {"uv": [5.1875, 4.125, 5.1875, 4.25], "texture": "#1"},
				"east": {"uv": [9.3125, 6.125, 9.75, 6.25], "texture": "#1"},
				"south": {"uv": [5.75, 4.875, 5.75, 5], "texture": "#1"},
				"west": {"uv": [7.5625, 9.3125, 8, 9.4375], "texture": "#1"},
				"up": {"uv": [4.4375, 7.625, 4.4375, 7.1875], "texture": "#1"},
				"down": {"uv": [4.5, 7.1875, 4.5, 7.625], "texture": "#1"}
			}
		},
		{
			"from": [5.5, 3, -3.31697],
			"to": [10.5, 5, -3.31697],
			"rotation": {"angle": 0, "axis": "y", "origin": [4, 9.51013, 5.4371]},
			"faces": {
				"north": {"uv": [8.0625, 9.375, 8.375, 9.5], "texture": "#1"},
				"east": {"uv": [5.8125, 4.875, 5.8125, 5], "texture": "#1"},
				"south": {"uv": [9.375, 8.6875, 9.6875, 8.8125], "texture": "#1"},
				"west": {"uv": [5.875, 5.5, 5.875, 5.625], "texture": "#1"},
				"up": {"uv": [8.25, 7.8125, 7.9375, 7.8125], "texture": "#1"},
				"down": {"uv": [8.3125, 3.75, 8, 3.75], "texture": "#1"}
			}
		},
		{
			"from": [6.5, 8.25, -3.54197],
			"to": [9.5, 11.25, -0.54197],
			"rotation": {"angle": 0, "axis": "y", "origin": [8, 7, 1.70803]},
			"faces": {
				"north": {"uv": [2.875, 7.8125, 3.0625, 8], "texture": "#1"},
				"east": {"uv": [5.5625, 7.875, 5.75, 8.0625], "texture": "#1"},
				"south": {"uv": [2.875, 8.0625, 3.0625, 8.25], "texture": "#1"},
				"west": {"uv": [5.5625, 8.125, 5.75, 8.3125], "texture": "#1"},
				"up": {"uv": [2.4375, 8.375, 2.25, 8.1875], "texture": "#1"},
				"down": {"uv": [0.9375, 8.5, 0.75, 8.6875], "texture": "#1"}
			}
		},
		{
			"from": [1.11732, 12, 7.78415],
			"to": [1.11732, 20, 18.78415],
			"rotation": {"angle": -22.5, "axis": "y", "origin": [-2, 9.5, 19.20803]},
			"faces": {
				"north": {"uv": [1.9375, 7.5625, 1.9375, 8.0625], "texture": "#1"},
				"east": {"uv": [6.75, 5.6875, 7.4375, 6.1875], "texture": "#1"},
				"south": {"uv": [4.875, 9.6875, 4.875, 10.1875], "texture": "#1"},
				"west": {"uv": [6, 6.75, 6.6875, 7.25], "texture": "#1"},
				"up": {"uv": [4.9375, 10.375, 4.9375, 9.6875], "texture": "#1"},
				"down": {"uv": [6, 9.6875, 6, 10.375], "texture": "#1"}
			}
		},
		{
			"from": [5.375, 7, -3.31697],
			"to": [5.375, 11, 4.68303],
			"rotation": {"angle": 0, "axis": "y", "origin": [3.875, 9.51013, 5.4371]},
			"faces": {
				"north": {"uv": [2.5, 7.5, 2.5, 7.75], "texture": "#1"},
				"east": {"uv": [8.6875, 2.5625, 9.1875, 2.8125], "texture": "#1"},
				"south": {"uv": [2.5625, 7.5, 2.5625, 7.75], "texture": "#1"},
				"west": {"uv": [8.6875, 6.9375, 9.1875, 7.1875], "texture": "#1"},
				"up": {"uv": [5.3125, 10.3125, 5.3125, 9.8125], "texture": "#1"},
				"down": {"uv": [5.375, 9.8125, 5.375, 10.3125], "texture": "#1"}
			}
		},
		{
			"from": [10.625, 7, -3.31697],
			"to": [10.625, 11, 4.68303],
			"rotation": {"angle": 0, "axis": "y", "origin": [12.125, 9.51013, 5.4371]},
			"faces": {
				"north": {"uv": [2.625, 7.5, 2.625, 7.75], "texture": "#1"},
				"east": {"uv": [8.6875, 7.75, 9.1875, 8], "texture": "#1"},
				"south": {"uv": [1.75, 8.25, 1.75, 8.5], "texture": "#1"},
				"west": {"uv": [8.0625, 8.6875, 8.5625, 8.9375], "texture": "#1"},
				"up": {"uv": [5.4375, 10.3125, 5.4375, 9.8125], "texture": "#1"},
				"down": {"uv": [6.0625, 9.8125, 6.0625, 10.3125], "texture": "#1"}
			}
		},
		{
			"from": [5.375, 7, -3.31697],
			"to": [10.625, 11, -3.31697],
			"rotation": {"angle": 0, "axis": "y", "origin": [3.875, 9.51013, 5.4371]},
			"faces": {
				"north": {"uv": [1.6875, 9.125, 2, 9.375], "texture": "#1"},
				"east": {"uv": [8.25, 2.875, 8.25, 3.125], "texture": "#1"},
				"south": {"uv": [9.125, 3.1875, 9.4375, 3.4375], "texture": "#1"},
				"west": {"uv": [8.3125, 2.875, 8.3125, 3.125], "texture": "#1"},
				"up": {"uv": [10.0625, 8.875, 9.75, 8.875], "texture": "#1"},
				"down": {"uv": [10.0625, 8.9375, 9.75, 8.9375], "texture": "#1"}
			}
		},
		{
			"from": [10.5, 5, -3.29197],
			"to": [10.5, 7, 4.70803],
			"rotation": {"angle": 0, "axis": "y", "origin": [8, 7, 1.70803]},
			"faces": {
				"north": {"uv": [5.875, 5.6875, 5.875, 5.8125], "texture": "#1"},
				"east": {"uv": [8.4375, 9.125, 8.9375, 9.25], "texture": "#1"},
				"south": {"uv": [5.8125, 7.125, 5.8125, 7.25], "texture": "#1"},
				"west": {"uv": [9.1875, 7.5, 9.6875, 7.625], "texture": "#1"},
				"up": {"uv": [6.125, 10.3125, 6.125, 9.8125], "texture": "#1"},
				"down": {"uv": [6.1875, 9.8125, 6.1875, 10.3125], "texture": "#1"}
			}
		},
		{
			"from": [5.5, 5, -3.29197],
			"to": [10.5, 7, -3.29197],
			"rotation": {"angle": 0, "axis": "y", "origin": [8, 7, 1.70803]},
			"faces": {
				"north": {"uv": [9.375, 8.875, 9.6875, 9], "texture": "#1"},
				"east": {"uv": [5.875, 7.125, 5.875, 7.25], "texture": "#1"},
				"south": {"uv": [8.9375, 9.375, 9.25, 9.5], "texture": "#1"},
				"west": {"uv": [5.9375, 7.125, 5.9375, 7.25], "texture": "#1"},
				"up": {"uv": [10.0625, 9, 9.75, 9], "texture": "#1"},
				"down": {"uv": [10.125, 1.5, 9.8125, 1.5], "texture": "#1"}
			}
		},
		{
			"from": [5.5, 5, -3.29197],
			"to": [5.5, 7, 4.70803],
			"rotation": {"angle": 0, "axis": "y", "origin": [8, 7, 1.70803]},
			"faces": {
				"north": {"uv": [7.5, 7.125, 7.5, 7.25], "texture": "#1"},
				"east": {"uv": [9.25, 2.25, 9.75, 2.375], "texture": "#1"},
				"south": {"uv": [5.1875, 7.6875, 5.1875, 7.8125], "texture": "#1"},
				"west": {"uv": [2.4375, 9.25, 2.9375, 9.375], "texture": "#1"},
				"up": {"uv": [6.25, 10.3125, 6.25, 9.8125], "texture": "#1"},
				"down": {"uv": [6.3125, 9.8125, 6.3125, 10.3125], "texture": "#1"}
			}
		},
		{
			"from": [13, 5, 4.70803],
			"to": [17, 11, 4.70803],
			"rotation": {"angle": 0, "axis": "y", "origin": [12, 9.51013, 5.1871]},
			"faces": {
				"north": {"uv": [2.125, 9.0625, 2.375, 9.4375], "texture": "#1"},
				"east": {"uv": [6.4375, 8.5625, 6.4375, 8.9375], "texture": "#1"},
				"south": {"uv": [3.5625, 9.0625, 3.8125, 9.4375], "texture": "#1"},
				"west": {"uv": [6.5, 8.5625, 6.5, 8.9375], "texture": "#1"},
				"up": {"uv": [8.1875, 2.375, 7.9375, 2.375], "texture": "#1"},
				"down": {"uv": [8.3125, 8.625, 8.0625, 8.625], "texture": "#1"}
			}
		},
		{
			"from": [-3.26817, 12.0481, 8.70803],
			"to": [3.73183, 15.0481, 8.70803],
			"rotation": {"angle": -22.5, "axis": "z", "origin": [0.9972, 12.45034, 11.95803]},
			"faces": {
				"north": {"uv": [5.25, 4.875, 5.6875, 5.0625], "texture": "#1"},
				"east": {"uv": [5.0625, 4.125, 5.0625, 4.3125], "texture": "#1"},
				"south": {"uv": [1.625, 5.5625, 2.0625, 5.75], "texture": "#1"},
				"west": {"uv": [5.125, 4.125, 5.125, 4.3125], "texture": "#1"},
				"up": {"uv": [9.9375, 0.8125, 9.5, 0.8125], "texture": "#1"},
				"down": {"uv": [10, 1.75, 9.5625, 1.75], "texture": "#1"}
			}
		},
		{
			"from": [-3.26817, 15.0481, 8.70803],
			"to": [3.73183, 15.0481, 12.70803],
			"rotation": {"angle": -22.5, "axis": "z", "origin": [0.9972, 12.45034, 11.95803]},
			"faces": {
				"north": {"uv": [4.375, 2.875, 4.8125, 2.875], "texture": "#1"},
				"east": {"uv": [6.75, 4.4375, 7, 4.4375], "texture": "#1"},
				"south": {"uv": [8.75, 6.875, 9.1875, 6.875], "texture": "#1"},
				"west": {"uv": [6.9375, 1.1875, 7.1875, 1.1875], "texture": "#1"},
				"up": {"uv": [9.1875, 6.6875, 8.75, 6.4375], "texture": "#1"},
				"down": {"uv": [9.1875, 8.0625, 8.75, 8.3125], "texture": "#1"}
			}
		},
		{
			"from": [-3.26817, 12.0481, 12.70803],
			"to": [3.73183, 15.0481, 12.70803],
			"rotation": {"angle": -22.5, "axis": "z", "origin": [0.9972, 12.45034, 11.95803]},
			"faces": {
				"north": {"uv": [8.8125, 0.3125, 9.25, 0.5], "texture": "#1"},
				"east": {"uv": [0.375, 7.875, 0.375, 8.0625], "texture": "#1"},
				"south": {"uv": [8.9375, 4.1875, 9.375, 4.375], "texture": "#1"},
				"west": {"uv": [8.375, 2.875, 8.375, 3.0625], "texture": "#1"},
				"up": {"uv": [10.25, 1.5625, 9.8125, 1.5625], "texture": "#1"},
				"down": {"uv": [10.25, 1.625, 9.8125, 1.625], "texture": "#1"}
			}
		},
		{
			"from": [12.26817, 12.0481, 8.70803],
			"to": [19.26817, 15.0481, 8.70803],
			"rotation": {"angle": 22.5, "axis": "z", "origin": [15.0028, 12.45034, 11.95803]},
			"faces": {
				"north": {"uv": [5.6875, 4.875, 5.25, 5.0625], "texture": "#1"},
				"east": {"uv": [5.125, 4.125, 5.125, 4.3125], "texture": "#1"},
				"south": {"uv": [2.0625, 5.5625, 1.625, 5.75], "texture": "#1"},
				"west": {"uv": [5.0625, 4.125, 5.0625, 4.3125], "texture": "#1"},
				"up": {"uv": [9.5, 0.8125, 9.9375, 0.8125], "texture": "#1"},
				"down": {"uv": [9.5625, 1.75, 10, 1.75], "texture": "#1"}
			}
		},
		{
			"from": [12.26817, 15.0481, 8.70803],
			"to": [19.26817, 15.0481, 12.70803],
			"rotation": {"angle": 22.5, "axis": "z", "origin": [15.0028, 12.45034, 11.95803]},
			"faces": {
				"north": {"uv": [4.8125, 2.875, 4.375, 2.875], "texture": "#1"},
				"east": {"uv": [7.1875, 1.1875, 6.9375, 1.1875], "texture": "#1"},
				"south": {"uv": [9.1875, 6.875, 8.75, 6.875], "texture": "#1"},
				"west": {"uv": [7, 4.4375, 6.75, 4.4375], "texture": "#1"},
				"up": {"uv": [8.75, 6.6875, 9.1875, 6.4375], "texture": "#1"},
				"down": {"uv": [8.75, 8.0625, 9.1875, 8.3125], "texture": "#1"}
			}
		},
		{
			"from": [12.26817, 12.0481, 12.70803],
			"to": [19.26817, 15.0481, 12.70803],
			"rotation": {"angle": 22.5, "axis": "z", "origin": [15.0028, 12.45034, 11.95803]},
			"faces": {
				"north": {"uv": [9.25, 0.3125, 8.8125, 0.5], "texture": "#1"},
				"east": {"uv": [8.375, 2.875, 8.375, 3.0625], "texture": "#1"},
				"south": {"uv": [9.375, 4.1875, 8.9375, 4.375], "texture": "#1"},
				"west": {"uv": [0.375, 7.875, 0.375, 8.0625], "texture": "#1"},
				"up": {"uv": [9.8125, 1.5625, 10.25, 1.5625], "texture": "#1"},
				"down": {"uv": [9.8125, 1.625, 10.25, 1.625], "texture": "#1"}
			}
		},
		{
			"from": [14.88268, 12, 7.78415],
			"to": [14.88268, 20, 18.78415],
			"rotation": {"angle": 22.5, "axis": "y", "origin": [18, 9.5, 19.20803]},
			"faces": {
				"north": {"uv": [6.375, 9.8125, 6.375, 10.3125], "texture": "#1"},
				"east": {"uv": [6.75, 6.25, 7.4375, 6.75], "texture": "#1"},
				"south": {"uv": [6.4375, 9.8125, 6.4375, 10.3125], "texture": "#1"},
				"west": {"uv": [6.8125, 0, 7.5, 0.5], "texture": "#1"},
				"up": {"uv": [6.5, 10.5, 6.5, 9.8125], "texture": "#1"},
				"down": {"uv": [7.1875, 9.8125, 7.1875, 10.5], "texture": "#1"}
			}
		},
		{
			"from": [9.36732, 3, 10.78415],
			"to": [20.36732, 12, 10.78415],
			"rotation": {"angle": -22.5, "axis": "y", "origin": [16.5, 8, 8.70803]},
			"faces": {
				"north": {"uv": [6.0625, 0, 6.75, 0.5625], "texture": "#1"},
				"east": {"uv": [8.125, 9.8125, 8.125, 10.375], "texture": "#1"},
				"south": {"uv": [6, 6.125, 6.6875, 6.6875], "texture": "#1"},
				"west": {"uv": [8.1875, 9.8125, 8.1875, 10.375], "texture": "#1"},
				"up": {"uv": [10.5, 1.6875, 9.8125, 1.6875], "texture": "#1"},
				"down": {"uv": [10.5, 2.25, 9.8125, 2.25], "texture": "#1"}
			}
		},
		{
			"from": [15.88268, 6, 10.78415],
			"to": [15.88268, 14, 21.78415],
			"rotation": {"angle": 22.5, "axis": "y", "origin": [18, 9.5, 19.20803]},
			"faces": {
				"north": {"uv": [8.25, 9.8125, 8.25, 10.3125], "texture": "#1"},
				"east": {"uv": [0.625, 6.8125, 1.3125, 7.3125], "texture": "#1"},
				"south": {"uv": [8.9375, 9.8125, 8.9375, 10.3125], "texture": "#1"},
				"west": {"uv": [6.75, 6.8125, 7.4375, 7.3125], "texture": "#1"},
				"up": {"uv": [9, 10.5, 9, 9.8125], "texture": "#1"},
				"down": {"uv": [9.0625, 9.8125, 9.0625, 10.5], "texture": "#1"}
			}
		},
		{
			"from": [10.5, 3, -3.31697],
			"to": [10.5, 5, 3.68303],
			"rotation": {"angle": 0, "axis": "y", "origin": [12, 9.51013, 5.4371]},
			"faces": {
				"north": {"uv": [5.25, 7.6875, 5.25, 7.8125], "texture": "#1"},
				"east": {"uv": [8.4375, 9.3125, 8.875, 9.4375], "texture": "#1"},
				"south": {"uv": [1.3125, 8.0625, 1.3125, 8.1875], "texture": "#1"},
				"west": {"uv": [6.1875, 9.375, 6.625, 9.5], "texture": "#1"},
				"up": {"uv": [4.1875, 9.0625, 4.1875, 8.625], "texture": "#1"},
				"down": {"uv": [9.125, 9.8125, 9.125, 10.25], "texture": "#1"}
			}
		},
		{
			"from": [-0.28963, 10.05761, 4.45803],
			"to": [6.71037, 14.05761, 4.45803],
			"rotation": {"angle": 0, "axis": "y", "origin": [3.96037, 9.80761, 5.45803]},
			"faces": {
				"north": {"uv": [0.75, 8.8125, 1.1875, 9.0625], "texture": "#1"},
				"east": {"uv": [9.8125, 9.3125, 9.8125, 9.5625], "texture": "#1"},
				"south": {"uv": [8.8125, 1, 9.25, 1.25], "texture": "#1"},
				"west": {"uv": [9.5625, 9.8125, 9.5625, 10.0625], "texture": "#1"},
				"up": {"uv": [10.25, 5.0625, 9.8125, 5.0625], "texture": "#1"},
				"down": {"uv": [10.25, 6.125, 9.8125, 6.125], "texture": "#1"}
			}
		},
		{
			"from": [9.28963, 10.05761, 4.45803],
			"to": [16.28963, 14.05761, 4.45803],
			"rotation": {"angle": 0, "axis": "y", "origin": [12.03963, 9.80761, 5.45803]},
			"faces": {
				"north": {"uv": [8.8125, 1.3125, 9.25, 1.5625], "texture": "#1"},
				"east": {"uv": [9.625, 9.8125, 9.625, 10.0625], "texture": "#1"},
				"south": {"uv": [8.8125, 2.875, 9.25, 3.125], "texture": "#1"},
				"west": {"uv": [9.8125, 9.625, 9.8125, 9.875], "texture": "#1"},
				"up": {"uv": [10.25, 6.1875, 9.8125, 6.1875], "texture": "#1"},
				"down": {"uv": [10.25, 6.25, 9.8125, 6.25], "texture": "#1"}
			}
		}
	],
	"gui_light": "front",
	"display": {
		"gui": {
			"rotation": [0, 180, 0],
			"translation": [0, -1.5, 0],
			"scale": [0.8, 0.8, 0.8]
		}
	},
	"groups": [
		{
			"name": "h_head",
			"origin": [8, 7.80015, 14.46492],
			"rotation": [-2.5, 0, 0],
			"color": 0,
			"children": [
				0,
				1,
				2,
				3,
				4,
				5,
				6,
				7,
				8,
				9,
				10,
				11,
				12,
				13,
				14,
				15,
				16,
				17,
				{
					"name": "h_left_ear",
					"origin": [4.40153, 11.71937, 11.70803],
					"rotation": [0, 37.5, 0],
					"color": 0,
					"children": [18, 19, 20]
				},
				{
					"name": "h_right_ear",
					"origin": [11.59847, 11.71937, 11.70803],
					"rotation": [0, -37.5, 0],
					"color": 0,
					"children": [21, 22, 23]
				},
				24,
				25,
				26,
				27,
				28,
				29,
				{
					"name": "tag_name",
					"origin": [8, 10.61684, 11.02196],
					"color": 0,
					"children": []
				}
			]
		}
	]
}