{"textures":{"2":"modelengine:entity/nocsy_pikachu_full"},"elements":[{"from":[2.7484,1.8475244,6.7536592],"to":[5.0436,7.942724,9.04886],"faces":{"east":{"uv":[3.0,10.5,3.625,12.0],"tintindex":0,"rotation":0,"texture":"#2"},"south":{"uv":[3.75,10.5,4.375,12.0],"tintindex":0,"rotation":0,"texture":"#2"},"north":{"uv":[10.25,3.75,10.875,5.25],"tintindex":0,"rotation":0,"texture":"#2"},"west":{"uv":[4.5,10.5,5.125,12.0],"tintindex":0,"rotation":0,"texture":"#2"},"up":{"uv":[12.375,5.125,11.75,4.5],"tintindex":0,"rotation":0,"texture":"#2"},"down":{"uv":[12.375,5.75,11.75,6.375],"tintindex":0,"rotation":0,"texture":"#2"}}},{"from":[10.9564,1.8475244,6.7536592],"to":[13.2516,7.942724,9.04886],"faces":{"east":{"uv":[9.75,10.5,10.375,12.0],"tintindex":0,"rotation":0,"texture":"#2"},"south":{"uv":[10.5,10.5,11.125,12.0],"tintindex":0,"rotation":0,"texture":"#2"},"north":{"uv":[5.25,10.5,5.875,12.0],"tintindex":0,"rotation":0,"texture":"#2"},"west":{"uv":[0.0,10.75,0.625,12.25],"tintindex":0,"rotation":0,"texture":"#2"},"up":{"uv":[12.625,0.625,12.0,0.0],"tintindex":0,"rotation":0,"texture":"#2"},"down":{"uv":[4.875,12.0,4.25,12.625],"tintindex":0,"rotation":0,"texture":"#2"}}}],"display":{"gui":{"rotation":[30,225,0]}}}