{"textures":{"2":"modelengine:entity/nocsy_pikachu_full"},"elements":[{"from":[4.96,1.54,5.2200003],"to":[11.04,9.9,10.54],"faces":{"east":{"uv":[4.5,6.75,5.875,8.875],"tintindex":0,"rotation":0,"texture":"#2"},"south":{"uv":[6.0,0.0,7.5,2.125],"tintindex":0,"rotation":0,"texture":"#2"},"north":{"uv":[4.5,4.5,6.0,6.625],"tintindex":0,"rotation":0,"texture":"#2"},"west":{"uv":[6.0,7.5,7.375,9.625],"tintindex":0,"rotation":0,"texture":"#2"},"up":{"uv":[4.5,10.375,3.0,9.0],"tintindex":0,"rotation":0,"texture":"#2"},"down":{"uv":[6.0,9.0,4.5,10.375],"tintindex":0,"rotation":0,"texture":"#2"}}},{"from":[4.9523997,1.0003998,4.9844],"to":[11.0476,10.1356,8.0396],"faces":{"east":{"uv":[9.5,3.5,10.25,5.75],"tintindex":0,"rotation":0,"texture":"#2"},"south":{"uv":[4.5,2.25,6.0,4.5],"tintindex":0,"rotation":0,"texture":"#2"},"north":{"uv":[4.5,0.0,6.0,2.25],"tintindex":0,"rotation":0,"texture":"#2"},"west":{"uv":[9.0,9.5,9.75,11.75],"tintindex":0,"rotation":0,"texture":"#2"},"up":{"uv":[11.0,1.75,9.5,1.0],"tintindex":0,"rotation":0,"texture":"#2"},"down":{"uv":[11.0,5.75,9.5,6.5],"tintindex":0,"rotation":0,"texture":"#2"}}},{"from":[4.9676003,0.63559985,5.9876003],"to":[11.0324,7.4603996,11.2924],"faces":{"east":{"uv":[0.0,9.0,1.375,10.75],"tintindex":0,"rotation":0,"texture":"#2"},"south":{"uv":[8.0,5.25,9.5,7.0],"tintindex":0,"rotation":0,"texture":"#2"},"north":{"uv":[8.0,3.5,9.5,5.25],"tintindex":0,"rotation":0,"texture":"#2"},"west":{"uv":[1.5,9.0,2.875,10.75],"tintindex":0,"rotation":0,"texture":"#2"},"up":{"uv":[10.75,8.375,9.25,7.0],"tintindex":0,"rotation":0,"texture":"#2"},"down":{"uv":[9.0,9.25,7.5,10.625],"tintindex":0,"rotation":0,"texture":"#2"}},"rotation":{"origin":[8.0,5.72,7.88],"angle":-22.5,"axis":"x"}}],"display":{"gui":{"rotation":[30,225,0]}}}