{"textures":{"0":"modelengine:entity/nocsy_pikachu_mouse","1":"modelengine:entity/nocsy_pikachu_cheeks","2":"modelengine:entity/nocsy_pikachu_full"},"elements":[{"from":[8.862925,11.047453,4.135357],"to":[9.880525,12.065053,4.135357],"faces":{"south":{"uv":[12.0,11.25,12.25,11.5],"tintindex":0,"rotation":0,"texture":"#2"},"north":{"uv":[6.5,12.0,6.75,12.25],"tintindex":0,"rotation":0,"texture":"#2"}}},{"from":[4.0480003,7.460594,4.26006],"to":[11.952,14.604594,11.404059],"faces":{"east":{"uv":[7.5,7.5,9.125,9.125],"tintindex":0,"rotation":0,"texture":"#2"},"south":{"uv":[7.875,4.0,6.0,5.625],"tintindex":0,"rotation":0,"texture":"#2"},"north":{"uv":[6.0,2.25,7.875,3.875],"tintindex":0,"rotation":0,"texture":"#2"},"west":{"uv":[8.0,1.75,9.625,3.375],"tintindex":0,"rotation":0,"texture":"#2"},"up":{"uv":[7.875,7.375,6.0,5.75],"tintindex":0,"rotation":0,"texture":"#2"},"down":{"uv":[9.375,0.0,7.5,1.625],"tintindex":0,"rotation":0,"texture":"#2"}}},{"from":[7.7390003,10.075594,3.0440598],"to":[8.111,10.387594,3.6560597],"faces":{"east":{"uv":[0.625,12.75,0.5,12.875],"tintindex":0,"rotation":0,"texture":"#2"},"south":{"uv":[8.125,12.5,8.0,12.625],"tintindex":0,"rotation":0,"texture":"#2"},"north":{"uv":[0.625,12.5,0.5,12.625],"tintindex":0,"rotation":0,"texture":"#2"},"west":{"uv":[12.625,7.25,12.5,7.375],"tintindex":0,"rotation":0,"texture":"#2"},"up":{"uv":[12.75,3.625,12.875,3.5],"tintindex":0,"rotation":0,"texture":"#2"},"down":{"uv":[8.0,12.5,8.125,12.625],"tintindex":0,"rotation":0,"texture":"#2"}},"rotation":{"origin":[8.0,10.306594,3.3500595],"angle":-22.5,"axis":"z"}},{"from":[5.305395,11.047453,4.135357],"to":[6.322995,12.065053,4.135357],"faces":{"south":{"uv":[11.0,10.25,11.25,10.5],"tintindex":0,"rotation":0,"texture":"#2"},"north":{"uv":[9.0,9.25,9.25,9.5],"tintindex":0,"rotation":0,"texture":"#2"}}},{"from":[5.0587997,7.857951,3.1778312],"to":[10.9412,11.125951,3.1778312],"faces":{"south":{"uv":[7.0,0.0,0.0,4.0],"tintindex":0,"rotation":0,"texture":"#0"},"north":{"uv":[0.0,0.0,7.0,4.0],"tintindex":0,"rotation":0,"texture":"#0"}}},{"from":[3.758,7.5455937,4.2700596],"to":[4.138,10.769594,10.394059],"faces":{"east":{"uv":[5.5,4.0,0.0,7.5],"tintindex":0,"rotation":0,"texture":"#1"},"south":{"uv":[6.5,0.0,6.0,3.5],"tintindex":0,"rotation":0,"texture":"#1"},"north":{"uv":[6.0,0.0,5.5,3.5],"tintindex":0,"rotation":0,"texture":"#1"},"west":{"uv":[5.5,0.0,0.0,3.5],"tintindex":0,"rotation":0,"texture":"#1"},"up":{"uv":[0.5,13.0,0.0,7.5],"tintindex":0,"rotation":0,"texture":"#1"},"down":{"uv":[1.0,7.5,0.5,13.0],"tintindex":0,"rotation":0,"texture":"#1"}}},{"from":[4.58,7.384594,3.3480597],"to":[11.42,10.684594,4.8680596],"faces":{"east":{"uv":[5.0,12.0,5.375,13.0],"tintindex":0,"rotation":0,"texture":"#2"},"south":{"uv":[9.5,0.0,11.25,1.0],"tintindex":0,"rotation":0,"texture":"#2"},"north":{"uv":[9.25,8.5,11.0,9.5],"tintindex":0,"rotation":0,"texture":"#2"},"west":{"uv":[5.5,12.0,5.875,13.0],"tintindex":0,"rotation":0,"texture":"#2"},"up":{"uv":[12.0,5.625,10.25,5.25],"tintindex":0,"rotation":0,"texture":"#2"},"down":{"uv":[12.5,8.0,10.75,8.375],"tintindex":0,"rotation":0,"texture":"#2"}}},{"from":[8.761165,10.233373,4.1607966],"to":[11.813965,13.286173,4.1607966],"faces":{"south":{"uv":[11.75,5.75,11.0,6.5],"tintindex":0,"rotation":0,"texture":"#2"},"north":{"uv":[11.75,2.0,11.0,2.75],"tintindex":0,"rotation":0,"texture":"#2"}}},{"from":[4.694835,10.233373,4.1607966],"to":[7.7476354,13.286173,4.1607966],"faces":{"south":{"uv":[11.25,0.0,12.0,0.75],"tintindex":0,"rotation":0,"texture":"#2"},"north":{"uv":[11.0,9.5,11.75,10.25],"tintindex":0,"rotation":0,"texture":"#2"}}},{"from":[7.664,10.200594,3.0440598],"to":[8.336,10.612595,3.6560597],"faces":{"east":{"uv":[12.5,7.25,12.625,7.375],"tintindex":0,"rotation":0,"texture":"#2"},"south":{"uv":[8.0,12.5,8.125,12.625],"tintindex":0,"rotation":0,"texture":"#2"},"north":{"uv":[0.5,12.5,0.625,12.625],"tintindex":0,"rotation":0,"texture":"#2"},"west":{"uv":[0.5,12.75,0.625,12.875],"tintindex":0,"rotation":0,"texture":"#2"},"up":{"uv":[12.875,3.625,12.75,3.5],"tintindex":0,"rotation":0,"texture":"#2"},"down":{"uv":[8.125,12.5,8.0,12.625],"tintindex":0,"rotation":0,"texture":"#2"}}},{"from":[11.862,7.5455937,4.2700596],"to":[12.242,10.769594,10.394059],"faces":{"east":{"uv":[0.0,0.0,5.5,3.5],"tintindex":0,"rotation":0,"texture":"#1"},"south":{"uv":[6.0,0.0,6.5,3.5],"tintindex":0,"rotation":0,"texture":"#1"},"north":{"uv":[5.5,0.0,6.0,3.5],"tintindex":0,"rotation":0,"texture":"#1"},"west":{"uv":[0.0,4.0,5.5,7.5],"tintindex":0,"rotation":0,"texture":"#1"},"up":{"uv":[0.0,13.0,0.5,7.5],"tintindex":0,"rotation":0,"texture":"#1"},"down":{"uv":[0.5,7.5,1.0,13.0],"tintindex":0,"rotation":0,"texture":"#1"}}},{"from":[7.889,10.075594,3.0440598],"to":[8.261001,10.387594,3.6560597],"faces":{"east":{"uv":[12.5,7.25,12.625,7.375],"tintindex":0,"rotation":0,"texture":"#2"},"south":{"uv":[8.0,12.5,8.125,12.625],"tintindex":0,"rotation":0,"texture":"#2"},"north":{"uv":[0.5,12.5,0.625,12.625],"tintindex":0,"rotation":0,"texture":"#2"},"west":{"uv":[0.5,12.75,0.625,12.875],"tintindex":0,"rotation":0,"texture":"#2"},"up":{"uv":[12.875,3.625,12.75,3.5],"tintindex":0,"rotation":0,"texture":"#2"},"down":{"uv":[8.125,12.5,8.0,12.625],"tintindex":0,"rotation":0,"texture":"#2"}},"rotation":{"origin":[8.0,10.306594,3.3500595],"angle":22.5,"axis":"z"}}],"display":{"gui":{"rotation":[30,225,0]}}}