{"textures":{"2":"modelengine:entity/nocsy_pikachu_full"},"elements":[{"from":[8.3394,5.972965,5.915049],"to":[9.882549,9.604914,7.3581977],"faces":{"east":{"uv":[12.25,8.5,12.625,9.375],"tintindex":0,"rotation":0,"texture":"#2"},"south":{"uv":[12.25,11.25,12.625,12.125],"tintindex":0,"rotation":0,"texture":"#2"},"north":{"uv":[7.5,12.25,7.875,13.125],"tintindex":0,"rotation":0,"texture":"#2"},"west":{"uv":[12.25,12.25,12.625,13.125],"tintindex":0,"rotation":0,"texture":"#2"},"up":{"uv":[1.375,13.625,1.0,13.25],"tintindex":0,"rotation":0,"texture":"#2"},"down":{"uv":[1.875,13.25,1.5,13.625],"tintindex":0,"rotation":0,"texture":"#2"}}},{"from":[6.982175,8.61974,5.9170237],"to":[8.421374,12.977339,7.356223],"faces":{"east":{"uv":[0.75,12.0,1.125,13.125],"tintindex":0,"rotation":0,"texture":"#2"},"south":{"uv":[1.25,12.0,1.625,13.125],"tintindex":0,"rotation":0,"texture":"#2"},"north":{"uv":[11.75,11.75,12.125,12.875],"tintindex":0,"rotation":0,"texture":"#2"},"west":{"uv":[1.75,12.0,2.125,13.125],"tintindex":0,"rotation":0,"texture":"#2"},"up":{"uv":[10.375,13.375,10.0,13.0],"tintindex":0,"rotation":0,"texture":"#2"},"down":{"uv":[10.875,13.0,10.5,13.375],"tintindex":0,"rotation":0,"texture":"#2"}}},{"from":[7.7017746,12.695499,5.9070234],"to":[8.796175,13.71694,7.3662233],"faces":{"east":{"uv":[2.0,13.25,2.375,13.5],"tintindex":0,"rotation":0,"texture":"#2"},"south":{"uv":[8.0,12.25,8.25,12.5],"tintindex":0,"rotation":0,"texture":"#2"},"north":{"uv":[12.25,4.25,12.5,4.5],"tintindex":0,"rotation":0,"texture":"#2"},"west":{"uv":[2.5,13.25,2.875,13.5],"tintindex":0,"rotation":0,"texture":"#2"},"up":{"uv":[11.75,3.125,11.5,2.75],"tintindex":0,"rotation":0,"texture":"#2"},"down":{"uv":[11.75,3.25,11.5,3.625],"tintindex":0,"rotation":0,"texture":"#2"}},"rotation":{"origin":[7.7017746,13.71694,6.2718234],"angle":-45.0,"axis":"z"}},{"from":[8.365711,9.620235,5.9143195],"to":[9.810318,13.253643,7.358927],"faces":{"east":{"uv":[12.25,2.75,12.625,3.625],"tintindex":0,"rotation":0,"texture":"#2"},"south":{"uv":[6.5,12.25,6.875,13.125],"tintindex":0,"rotation":0,"texture":"#2"},"north":{"uv":[12.25,1.75,12.625,2.625],"tintindex":0,"rotation":0,"texture":"#2"},"west":{"uv":[7.0,12.25,7.375,13.125],"tintindex":0,"rotation":0,"texture":"#2"},"up":{"uv":[0.375,13.625,0.0,13.25],"tintindex":0,"rotation":0,"texture":"#2"},"down":{"uv":[0.875,13.25,0.5,13.625],"tintindex":0,"rotation":0,"texture":"#2"}},"rotation":{"origin":[9.890574,9.70414,6.2718234],"angle":22.5,"axis":"z"}},{"from":[7.6003604,4.404325,5.915049],"to":[9.0435095,8.765873,7.3581977],"faces":{"east":{"uv":[2.75,12.0,3.125,13.125],"tintindex":0,"rotation":0,"texture":"#2"},"south":{"uv":[3.25,12.0,3.625,13.125],"tintindex":0,"rotation":0,"texture":"#2"},"north":{"uv":[2.25,12.0,2.625,13.125],"tintindex":0,"rotation":0,"texture":"#2"},"west":{"uv":[3.75,12.0,4.125,13.125],"tintindex":0,"rotation":0,"texture":"#2"},"up":{"uv":[11.375,13.375,11.0,13.0],"tintindex":0,"rotation":0,"texture":"#2"},"down":{"uv":[11.875,13.0,11.5,13.375],"tintindex":0,"rotation":0,"texture":"#2"}},"rotation":{"origin":[7.7017746,7.1505394,6.6366234],"angle":22.5,"axis":"z"}}],"display":{"gui":{"rotation":[30,225,0]}}}