{"textures":{"2":"modelengine:entity/nocsy_pikachu_full"},"elements":[{"from":[2.756,3.7759752,5.765417],"to":[5.0360003,5.5999756,7.2854176],"faces":{"east":{"uv":[12.75,11.25,13.125,11.75],"tintindex":0,"rotation":0,"texture":"#2"},"south":{"uv":[12.5,4.25,13.125,4.75],"tintindex":0,"rotation":0,"texture":"#2"},"north":{"uv":[12.25,3.75,12.875,4.25],"tintindex":0,"rotation":0,"texture":"#2"},"west":{"uv":[12.75,11.75,13.125,12.25],"tintindex":0,"rotation":0,"texture":"#2"},"up":{"uv":[13.375,2.875,12.75,2.5],"tintindex":0,"rotation":0,"texture":"#2"},"down":{"uv":[13.375,3.0,12.75,3.375],"tintindex":0,"rotation":0,"texture":"#2"}},"rotation":{"origin":[3.896,4.4599752,6.4114175],"angle":-45.0,"axis":"x"}},{"from":[10.9564,4.813998,5.1430345],"to":[13.2516,8.629198,9.718235],"faces":{"east":{"uv":[9.75,1.75,10.875,2.75],"tintindex":0,"rotation":0,"texture":"#2"},"south":{"uv":[11.0,1.0,11.625,2.0],"tintindex":0,"rotation":0,"texture":"#2"},"north":{"uv":[8.25,10.75,8.875,11.75],"tintindex":0,"rotation":0,"texture":"#2"},"west":{"uv":[6.0,9.75,7.125,10.75],"tintindex":0,"rotation":0,"texture":"#2"},"up":{"uv":[1.375,11.875,0.75,10.75],"tintindex":0,"rotation":0,"texture":"#2"},"down":{"uv":[2.125,10.75,1.5,11.875],"tintindex":0,"rotation":0,"texture":"#2"}}},{"from":[2.7463999,3.2919984,5.9770346],"to":[5.0456,4.8311987,9.036235],"faces":{"east":{"uv":[12.5,8.0,13.25,8.375],"tintindex":0,"rotation":0,"texture":"#2"},"south":{"uv":[12.75,9.0,13.375,9.375],"tintindex":0,"rotation":0,"texture":"#2"},"north":{"uv":[12.75,8.5,13.375,8.875],"tintindex":0,"rotation":0,"texture":"#2"},"west":{"uv":[12.5,10.25,13.25,10.625],"tintindex":0,"rotation":0,"texture":"#2"},"up":{"uv":[11.875,11.0,11.25,10.25],"tintindex":0,"rotation":0,"texture":"#2"},"down":{"uv":[11.875,11.0,11.25,11.75],"tintindex":0,"rotation":0,"texture":"#2"}}},{"from":[11.412399,2.640436,3.736921],"to":[13.2516,3.4156358,9.072122],"faces":{"east":{"uv":[11.75,9.75,13.125,10.0],"tintindex":0,"rotation":0,"texture":"#2"},"south":{"uv":[11.25,0.75,11.75,1.0],"tintindex":0,"rotation":0,"texture":"#2"},"north":{"uv":[9.75,3.25,10.25,3.5],"tintindex":0,"rotation":0,"texture":"#2"},"west":{"uv":[11.75,10.0,13.125,10.25],"tintindex":0,"rotation":0,"texture":"#2"},"up":{"uv":[11.25,7.875,10.75,6.5],"tintindex":0,"rotation":0,"texture":"#2"},"down":{"uv":[7.25,10.75,6.75,12.125],"tintindex":0,"rotation":0,"texture":"#2"}}},{"from":[10.964,3.7759752,5.765417],"to":[13.2439995,5.5999756,7.2854176],"faces":{"east":{"uv":[7.5,1.75,7.875,2.25],"tintindex":0,"rotation":0,"texture":"#2"},"south":{"uv":[9.5,6.5,10.125,7.0],"tintindex":0,"rotation":0,"texture":"#2"},"north":{"uv":[8.0,7.0,8.625,7.5],"tintindex":0,"rotation":0,"texture":"#2"},"west":{"uv":[8.75,7.0,9.125,7.5],"tintindex":0,"rotation":0,"texture":"#2"},"up":{"uv":[13.125,11.125,12.5,10.75],"tintindex":0,"rotation":0,"texture":"#2"},"down":{"uv":[13.375,0.0,12.75,0.375],"tintindex":0,"rotation":0,"texture":"#2"}},"rotation":{"origin":[12.104,4.4599752,6.4114175],"angle":-45.0,"axis":"x"}},{"from":[2.7484,2.640436,3.736921],"to":[4.5876,3.4156358,9.072122],"faces":{"east":{"uv":[12.0,5.25,13.375,5.5],"tintindex":0,"rotation":0,"texture":"#2"},"south":{"uv":[12.75,7.75,13.25,8.0],"tintindex":0,"rotation":0,"texture":"#2"},"north":{"uv":[12.25,9.5,12.75,9.75],"tintindex":0,"rotation":0,"texture":"#2"},"west":{"uv":[12.0,5.5,13.375,5.75],"tintindex":0,"rotation":0,"texture":"#2"},"up":{"uv":[7.75,12.125,7.25,10.75],"tintindex":0,"rotation":0,"texture":"#2"},"down":{"uv":[8.25,10.75,7.75,12.125],"tintindex":0,"rotation":0,"texture":"#2"}}},{"from":[2.7484,4.813998,5.1430345],"to":[5.0436,8.629198,9.718235],"faces":{"east":{"uv":[9.75,9.5,10.875,10.5],"tintindex":0,"rotation":0,"texture":"#2"},"south":{"uv":[11.0,8.5,11.625,9.5],"tintindex":0,"rotation":0,"texture":"#2"},"north":{"uv":[11.0,3.75,11.625,4.75],"tintindex":0,"rotation":0,"texture":"#2"},"west":{"uv":[10.25,2.75,11.375,3.75],"tintindex":0,"rotation":0,"texture":"#2"},"up":{"uv":[2.875,11.875,2.25,10.75],"tintindex":0,"rotation":0,"texture":"#2"},"down":{"uv":[6.625,10.75,6.0,11.875],"tintindex":0,"rotation":0,"texture":"#2"}}},{"from":[2.756,3.4288058,8.059152],"to":[5.0360003,5.2528057,9.579152],"faces":{"east":{"uv":[12.75,12.25,13.125,12.75],"tintindex":0,"rotation":0,"texture":"#2"},"south":{"uv":[12.5,5.75,13.125,6.25],"tintindex":0,"rotation":0,"texture":"#2"},"north":{"uv":[12.5,4.75,13.125,5.25],"tintindex":0,"rotation":0,"texture":"#2"},"west":{"uv":[12.75,12.75,13.125,13.25],"tintindex":0,"rotation":0,"texture":"#2"},"up":{"uv":[4.875,13.125,4.25,12.75],"tintindex":0,"rotation":0,"texture":"#2"},"down":{"uv":[13.375,7.25,12.75,7.625],"tintindex":0,"rotation":0,"texture":"#2"}},"rotation":{"origin":[3.896,4.701806,8.534152],"angle":22.5,"axis":"x"}},{"from":[10.964,3.4288058,8.059152],"to":[13.2439995,5.2528057,9.579152],"faces":{"east":{"uv":[9.75,2.75,10.125,3.25],"tintindex":0,"rotation":0,"texture":"#2"},"south":{"uv":[12.0,7.5,12.625,8.0],"tintindex":0,"rotation":0,"texture":"#2"},"north":{"uv":[11.0,4.75,11.625,5.25],"tintindex":0,"rotation":0,"texture":"#2"},"west":{"uv":[10.25,6.5,10.625,7.0],"tintindex":0,"rotation":0,"texture":"#2"},"up":{"uv":[13.375,0.875,12.75,0.5],"tintindex":0,"rotation":0,"texture":"#2"},"down":{"uv":[13.375,1.0,12.75,1.375],"tintindex":0,"rotation":0,"texture":"#2"}},"rotation":{"origin":[12.104,4.701806,8.534152],"angle":22.5,"axis":"x"}},{"from":[10.9564,3.2939985,5.9790344],"to":[13.2516,4.829199,9.034235],"faces":{"east":{"uv":[12.5,6.25,13.25,6.625],"tintindex":0,"rotation":0,"texture":"#2"},"south":{"uv":[12.75,2.0,13.375,2.375],"tintindex":0,"rotation":0,"texture":"#2"},"north":{"uv":[12.75,1.5,13.375,1.875],"tintindex":0,"rotation":0,"texture":"#2"},"west":{"uv":[12.5,6.75,13.25,7.125],"tintindex":0,"rotation":0,"texture":"#2"},"up":{"uv":[11.875,7.25,11.25,6.5],"tintindex":0,"rotation":0,"texture":"#2"},"down":{"uv":[11.875,7.25,11.25,8.0],"tintindex":0,"rotation":0,"texture":"#2"}}}],"display":{"gui":{"rotation":[30,225,0]}}}