{"textures":{"2":"modelengine:entity/nocsy_pikachu_full"},"elements":[{"from":[6.956491,4.404325,5.915049],"to":[8.39964,8.765873,7.3581977],"faces":{"east":{"uv":[8.75,11.75,9.125,12.875],"tintindex":0,"rotation":0,"texture":"#2"},"south":{"uv":[9.25,11.75,9.625,12.875],"tintindex":0,"rotation":0,"texture":"#2"},"north":{"uv":[11.75,8.5,12.125,9.625],"tintindex":0,"rotation":0,"texture":"#2"},"west":{"uv":[11.25,11.75,11.625,12.875],"tintindex":0,"rotation":0,"texture":"#2"},"up":{"uv":[5.875,13.375,5.5,13.0],"tintindex":0,"rotation":0,"texture":"#2"},"down":{"uv":[6.375,13.0,6.0,13.375],"tintindex":0,"rotation":0,"texture":"#2"}},"rotation":{"origin":[8.298225,7.1505394,6.6366234],"angle":-22.5,"axis":"z"}},{"from":[7.5786257,8.61974,5.9170237],"to":[9.017825,12.977339,7.356223],"faces":{"east":{"uv":[11.75,2.0,12.125,3.125],"tintindex":0,"rotation":0,"texture":"#2"},"south":{"uv":[11.75,3.25,12.125,4.375],"tintindex":0,"rotation":0,"texture":"#2"},"north":{"uv":[11.75,0.75,12.125,1.875],"tintindex":0,"rotation":0,"texture":"#2"},"west":{"uv":[8.25,11.75,8.625,12.875],"tintindex":0,"rotation":0,"texture":"#2"},"up":{"uv":[13.375,3.875,13.0,3.5],"tintindex":0,"rotation":0,"texture":"#2"},"down":{"uv":[5.375,13.0,5.0,13.375],"tintindex":0,"rotation":0,"texture":"#2"}}},{"from":[7.203825,12.695499,5.9070234],"to":[8.298225,13.71694,7.3662233],"faces":{"east":{"uv":[12.75,9.5,13.125,9.75],"tintindex":0,"rotation":0,"texture":"#2"},"south":{"uv":[0.5,12.25,0.75,12.5],"tintindex":0,"rotation":0,"texture":"#2"},"north":{"uv":[12.0,11.5,12.25,11.75],"tintindex":0,"rotation":0,"texture":"#2"},"west":{"uv":[13.0,4.0,13.375,4.25],"tintindex":0,"rotation":0,"texture":"#2"},"up":{"uv":[7.5,10.125,7.25,9.75],"tintindex":0,"rotation":0,"texture":"#2"},"down":{"uv":[7.5,10.25,7.25,10.625],"tintindex":0,"rotation":0,"texture":"#2"}},"rotation":{"origin":[8.298225,13.71694,6.2718234],"angle":45.0,"axis":"z"}},{"from":[6.117451,5.972965,5.915049],"to":[7.660599,9.604914,7.3581977],"faces":{"east":{"uv":[10.75,12.0,11.125,12.875],"tintindex":0,"rotation":0,"texture":"#2"},"south":{"uv":[0.0,12.25,0.375,13.125],"tintindex":0,"rotation":0,"texture":"#2"},"north":{"uv":[12.0,10.25,12.375,11.125],"tintindex":0,"rotation":0,"texture":"#2"},"west":{"uv":[12.25,0.75,12.625,1.625],"tintindex":0,"rotation":0,"texture":"#2"},"up":{"uv":[9.375,13.375,9.0,13.0],"tintindex":0,"rotation":0,"texture":"#2"},"down":{"uv":[9.875,13.0,9.5,13.375],"tintindex":0,"rotation":0,"texture":"#2"}}},{"from":[6.1896815,9.620235,5.9143195],"to":[7.634289,13.253643,7.358927],"faces":{"east":{"uv":[12.0,6.5,12.375,7.375],"tintindex":0,"rotation":0,"texture":"#2"},"south":{"uv":[9.75,12.0,10.125,12.875],"tintindex":0,"rotation":0,"texture":"#2"},"north":{"uv":[6.0,12.0,6.375,12.875],"tintindex":0,"rotation":0,"texture":"#2"},"west":{"uv":[10.25,12.0,10.625,12.875],"tintindex":0,"rotation":0,"texture":"#2"},"up":{"uv":[8.375,13.375,8.0,13.0],"tintindex":0,"rotation":0,"texture":"#2"},"down":{"uv":[8.875,13.0,8.5,13.375],"tintindex":0,"rotation":0,"texture":"#2"}},"rotation":{"origin":[6.1094255,9.70414,6.2718234],"angle":-22.5,"axis":"z"}}],"display":{"gui":{"rotation":[30,225,0]}}}