{"overrides":[{"predicate":{"custom_model_data":1},"model":"modelengine:nocsy_otter_v2/body"},{"predicate":{"custom_model_data":2},"model":"modelengine:nocsy_otter_v2/head"},{"predicate":{"custom_model_data":3},"model":"modelengine:nocsy_otter_v2/back_leg_right"},{"predicate":{"custom_model_data":4},"model":"modelengine:nocsy_otter_v2/back_leg_left"},{"predicate":{"custom_model_data":5},"model":"modelengine:nocsy_otter_v2/tail"},{"predicate":{"custom_model_data":6},"model":"modelengine:nocsy_otter_v2/front_leg_right"},{"predicate":{"custom_model_data":7},"model":"modelengine:nocsy_otter_v2/front_leg_left"},{"predicate":{"custom_model_data":8},"model":"modelengine:nocsy_pet_penguin/body"},{"predicate":{"custom_model_data":9},"model":"modelengine:nocsy_pet_penguin/head"},{"predicate":{"custom_model_data":10},"model":"modelengine:nocsy_pet_penguin/right_foot"},{"predicate":{"custom_model_data":11},"model":"modelengine:nocsy_pet_penguin/right_arm"},{"predicate":{"custom_model_data":12},"model":"modelengine:nocsy_pet_penguin/left_arm"},{"predicate":{"custom_model_data":13},"model":"modelengine:nocsy_pet_penguin/left_foot"},{"predicate":{"custom_model_data":14},"model":"modelengine:nocsy_pet_reaper/body"},{"predicate":{"custom_model_data":15},"model":"modelengine:nocsy_pet_reaper/right_arm"},{"predicate":{"custom_model_data":16},"model":"modelengine:nocsy_pet_reaper/left_arm"},{"predicate":{"custom_model_data":17},"model":"modelengine:nocsy_pikachu/body"},{"predicate":{"custom_model_data":18},"model":"modelengine:nocsy_pikachu/head"},{"predicate":{"custom_model_data":19},"model":"modelengine:nocsy_pikachu/tail"},{"predicate":{"custom_model_data":20},"model":"modelengine:nocsy_pikachu/legs"},{"predicate":{"custom_model_data":21},"model":"modelengine:nocsy_pikachu/arms"},{"predicate":{"custom_model_data":22},"model":"modelengine:nocsy_pikachu/right_ear"},{"predicate":{"custom_model_data":23},"model":"modelengine:nocsy_pikachu/left_ear"}],"parent":"minecraft:item/generated","textures":{"layer0":"minecraft:item/leather_horse_armor"}}