{"textures":{"0":"modelengine:entity/nocsy_pet_reaper","1":"modelengine:entity/nocsy_pet_reaper_eye","3":"modelengine:entity/nocsy_pet_reaper_bonnet"},"elements":[{"from":[3.975,-1.0500011,5.6035714],"to":[3.975,3.9499989,13.1285715],"faces":{"east":{"uv":[0.0,6.5,2.0,7.75],"tintindex":0,"rotation":0,"texture":"#0"},"west":{"uv":[2.0,6.5,0.0,7.75],"tintindex":0,"rotation":0,"texture":"#0"}}},{"from":[6.1,4.749999,5.878571],"to":[9.900001,6.049999,7.4785714],"faces":{"east":{"uv":[6.5,10.5,7.0,11.0],"tintindex":0,"rotation":0,"texture":"#0"},"south":{"uv":[9.25,8.25,10.5,8.75],"tintindex":0,"rotation":0,"texture":"#0"},"north":{"uv":[8.0,4.25,9.25,4.75],"tintindex":0,"rotation":0,"texture":"#0"},"west":{"uv":[7.0,10.5,7.5,11.0],"tintindex":0,"rotation":0,"texture":"#0"},"up":{"uv":[11.0,1.25,9.75,0.75],"tintindex":0,"rotation":0,"texture":"#0"},"down":{"uv":[11.0,5.0,9.75,5.5],"tintindex":0,"rotation":0,"texture":"#0"}}},{"from":[4.0,12.408646,6.5863895],"to":[12.0,12.408646,12.18639],"faces":{"up":{"uv":[8.0,3.125,6.0,1.75],"tintindex":0,"rotation":0,"texture":"#0"},"down":{"uv":[6.0,1.75,8.0,3.125],"tintindex":0,"rotation":0,"texture":"#0"}}},{"from":[6.5,6.683367,13.550148],"to":[9.5,8.683367,15.150147],"faces":{"east":{"uv":[1.0,9.5,1.75,10.5],"tintindex":0,"rotation":0,"texture":"#3"},"south":{"uv":[6.0,8.5,7.5,9.5],"tintindex":0,"rotation":0,"texture":"#3"},"north":{"uv":[4.5,8.5,6.0,9.5],"tintindex":0,"rotation":0,"texture":"#3"},"west":{"uv":[2.0,9.5,2.75,10.5],"tintindex":0,"rotation":0,"texture":"#3"},"up":{"uv":[9.0,9.25,7.5,8.5],"tintindex":0,"rotation":0,"texture":"#3"},"down":{"uv":[10.0,7.5,8.5,8.25],"tintindex":0,"rotation":0,"texture":"#3"}}},{"from":[4.0,11.449999,5.9785714],"to":[12.0,12.15,12.778572],"faces":{"east":{"uv":[0.0,11.0,0.25,11.25],"tintindex":0,"rotation":0,"texture":"#0"},"south":{"uv":[0.0,11.0,0.25,11.25],"tintindex":0,"rotation":0,"texture":"#0"},"north":{"uv":[0.0,11.0,0.25,11.25],"tintindex":0,"rotation":0,"texture":"#0"},"west":{"uv":[0.0,11.0,0.25,11.25],"tintindex":0,"rotation":0,"texture":"#0"},"up":{"uv":[0.25,11.25,0.0,11.0],"tintindex":0,"rotation":0,"texture":"#0"},"down":{"uv":[0.25,11.0,0.0,11.25],"tintindex":0,"rotation":0,"texture":"#0"}}},{"from":[4.0,4.049999,13.103571],"to":[12.0,12.049999,13.103571],"faces":{"south":{"uv":[6.0,4.0,4.0,6.0],"tintindex":0,"rotation":0,"texture":"#0"},"north":{"uv":[4.0,4.0,6.0,6.0],"tintindex":0,"rotation":0,"texture":"#0"}}},{"from":[4.0,4.049999,6.0785713],"to":[12.0,12.049999,12.978571],"faces":{"east":{"uv":[0.0,11.0,0.25,11.25],"tintindex":0,"rotation":0,"texture":"#0"},"south":{"uv":[0.0,11.0,0.25,11.25],"tintindex":0,"rotation":0,"texture":"#0"},"north":{"uv":[0.0,11.0,0.25,11.25],"tintindex":0,"rotation":0,"texture":"#0"},"west":{"uv":[0.0,11.0,0.25,11.25],"tintindex":0,"rotation":0,"texture":"#0"},"up":{"uv":[0.25,11.25,0.0,11.0],"tintindex":0,"rotation":0,"texture":"#0"},"down":{"uv":[0.25,11.0,0.0,11.25],"tintindex":0,"rotation":0,"texture":"#0"}}},{"from":[12.025,-1.0500011,5.6035714],"to":[12.025,3.9499989,13.1285715],"faces":{"east":{"uv":[0.0,6.5,2.0,7.75],"tintindex":0,"rotation":0,"texture":"#0"},"west":{"uv":[2.0,6.5,0.0,7.75],"tintindex":0,"rotation":0,"texture":"#0"}}},{"from":[4.5,11.208366,12.450148],"to":[11.5,13.208366,15.450148],"faces":{"east":{"uv":[1.5,8.5,3.0,9.5],"tintindex":0,"rotation":0,"texture":"#3"},"south":{"uv":[7.0,2.0,10.5,3.0],"tintindex":0,"rotation":0,"texture":"#3"},"north":{"uv":[7.0,1.0,10.5,2.0],"tintindex":0,"rotation":0,"texture":"#3"},"west":{"uv":[3.0,8.5,4.5,9.5],"tintindex":0,"rotation":0,"texture":"#3"},"up":{"uv":[7.0,4.5,3.5,3.0],"tintindex":0,"rotation":0,"texture":"#3"},"down":{"uv":[3.5,4.0,0.0,5.5],"tintindex":0,"rotation":0,"texture":"#3"}},"rotation":{"origin":[8.0,9.808367,15.725147],"angle":-45.0,"axis":"x"}},{"from":[12.025,3.9499989,5.6285715],"to":[12.025,12.949999,13.1285715],"faces":{"east":{"uv":[0.0,0.0,2.0,2.25],"tintindex":0,"rotation":0,"texture":"#0"},"west":{"uv":[2.0,0.0,0.0,2.25],"tintindex":0,"rotation":0,"texture":"#0"}}},{"from":[3.9875002,10.275,6.053571],"to":[12.0125,12.275,6.803571],"faces":{"east":{"uv":[3.0,9.5,3.5,10.5],"tintindex":0,"rotation":0,"texture":"#3"},"south":{"uv":[0.0,5.5,4.0,6.5],"tintindex":0,"rotation":0,"texture":"#3"},"north":{"uv":[3.5,4.5,7.5,5.5],"tintindex":0,"rotation":0,"texture":"#3"},"west":{"uv":[9.5,3.0,10.0,4.0],"tintindex":0,"rotation":0,"texture":"#3"},"up":{"uv":[11.0,4.5,7.0,4.0],"tintindex":0,"rotation":0,"texture":"#3"},"down":{"uv":[11.5,4.5,7.5,5.0],"tintindex":0,"rotation":0,"texture":"#3"}},"rotation":{"origin":[9.0125,11.25,6.4535713],"angle":-22.5,"axis":"x"}},{"from":[4.0,4.049999,5.8785715],"to":[12.0,4.749999,12.778572],"faces":{"east":{"uv":[0.0,11.0,0.25,11.25],"tintindex":0,"rotation":0,"texture":"#0"},"south":{"uv":[0.0,11.0,0.25,11.25],"tintindex":0,"rotation":0,"texture":"#0"},"north":{"uv":[0.0,11.0,0.25,11.25],"tintindex":0,"rotation":0,"texture":"#0"},"west":{"uv":[0.0,11.0,0.25,11.25],"tintindex":0,"rotation":0,"texture":"#0"},"up":{"uv":[0.25,11.125,0.0,11.0],"tintindex":0,"rotation":0,"texture":"#0"},"down":{"uv":[0.25,11.0,0.0,11.25],"tintindex":0,"rotation":0,"texture":"#0"}}},{"from":[4.5,11.66453,6.639205],"to":[11.5,13.66453,7.139205],"faces":{"east":{"uv":[7.0,7.5,8.5,8.5],"tintindex":0,"rotation":0,"texture":"#3"},"south":{"uv":[0.0,6.5,3.5,7.5],"tintindex":0,"rotation":0,"texture":"#3"},"north":{"uv":[4.0,5.5,7.5,6.5],"tintindex":0,"rotation":0,"texture":"#3"},"west":{"uv":[0.0,8.5,1.5,9.5],"tintindex":0,"rotation":0,"texture":"#3"},"up":{"uv":[3.5,10.75,0.0,10.5],"tintindex":0,"rotation":0,"texture":"#3"},"down":{"uv":[7.0,1.5,3.5,3.0],"tintindex":0,"rotation":0,"texture":"#3"}},"rotation":{"origin":[8.0,12.16453,8.139205],"angle":-45.0,"axis":"x"}},{"from":[4.0,-0.92500114,5.6535716],"to":[12.0,4.074999,5.6535716],"faces":{"south":{"uv":[7.75,4.75,9.75,6.0],"tintindex":0,"rotation":0,"texture":"#0"},"north":{"uv":[9.75,4.75,7.75,6.0],"tintindex":0,"rotation":0,"texture":"#0"}}},{"from":[7.8,5.6499996,5.8535714],"to":[11.8,11.65,5.8535714],"faces":{"south":{"uv":[4.0,0.0,0.0,6.0],"tintindex":0,"rotation":0,"texture":"#1"},"north":{"uv":[0.0,0.0,4.0,6.0],"tintindex":0,"rotation":0,"texture":"#1"}}},{"from":[4.51,10.805452,9.27176],"to":[11.49,12.785452,13.25176],"faces":{"east":{"uv":[5.0,7.5,7.0,8.5],"tintindex":0,"rotation":0,"texture":"#3"},"south":{"uv":[7.0,0.0,10.5,1.0],"tintindex":0,"rotation":0,"texture":"#3"},"north":{"uv":[3.5,6.5,7.0,7.5],"tintindex":0,"rotation":0,"texture":"#3"},"west":{"uv":[7.5,5.0,9.5,6.0],"tintindex":0,"rotation":0,"texture":"#3"},"up":{"uv":[3.5,2.0,0.0,0.0],"tintindex":0,"rotation":0,"texture":"#3"},"down":{"uv":[3.5,2.0,0.0,4.0],"tintindex":0,"rotation":0,"texture":"#3"}},"rotation":{"origin":[8.5,13.5204525,11.38676],"angle":22.5,"axis":"x"}},{"from":[4.0,-0.92500114,13.103571],"to":[12.0,4.074999,13.103571],"faces":{"south":{"uv":[9.75,0.0,7.75,1.25],"tintindex":0,"rotation":0,"texture":"#0"},"north":{"uv":[7.75,0.0,9.75,1.25],"tintindex":0,"rotation":0,"texture":"#0"}}},{"from":[4.5,6.049999,5.8785715],"to":[11.5,12.049999,12.8785715],"faces":{"east":{"uv":[6.0,4.75,7.75,6.25],"tintindex":0,"rotation":0,"texture":"#0"},"south":{"uv":[2.0,6.25,3.75,7.75],"tintindex":0,"rotation":0,"texture":"#0"},"north":{"uv":[3.75,6.0,5.5,7.5],"tintindex":0,"rotation":0,"texture":"#0"},"west":{"uv":[5.5,6.25,7.25,7.75],"tintindex":0,"rotation":0,"texture":"#0"},"up":{"uv":[3.75,6.25,2.0,4.5],"tintindex":0,"rotation":0,"texture":"#0"},"down":{"uv":[7.75,0.0,6.0,1.75],"tintindex":0,"rotation":0,"texture":"#0"}}},{"from":[4.2,5.6499996,5.8535714],"to":[8.2,11.65,5.8535714],"faces":{"south":{"uv":[0.0,0.0,4.0,6.0],"tintindex":0,"rotation":0,"texture":"#1"},"north":{"uv":[4.0,0.0,0.0,6.0],"tintindex":0,"rotation":0,"texture":"#1"}}},{"from":[4.0,12.074999,12.303572],"to":[12.0,12.074999,13.303572],"faces":{"up":{"uv":[10.25,10.0,8.25,9.75],"tintindex":0,"rotation":0,"texture":"#0"},"down":{"uv":[8.25,9.75,10.25,10.0],"tintindex":0,"rotation":0,"texture":"#0"}},"rotation":{"origin":[8.0,12.549999,13.103571],"angle":22.5,"axis":"x"}},{"from":[4.0,4.049999,5.6535716],"to":[12.0,12.049999,5.6535716],"faces":{"south":{"uv":[6.0,0.0,4.0,2.0],"tintindex":0,"rotation":0,"texture":"#0"},"north":{"uv":[4.0,0.0,6.0,2.0],"tintindex":0,"rotation":0,"texture":"#0"}}},{"from":[5.5,9.008368,12.650147],"to":[10.5,11.008368,14.650147],"faces":{"east":{"uv":[9.0,8.5,10.0,9.5],"tintindex":0,"rotation":0,"texture":"#3"},"south":{"uv":[7.0,6.5,9.5,7.5],"tintindex":0,"rotation":0,"texture":"#3"},"north":{"uv":[7.0,3.0,9.5,4.0],"tintindex":0,"rotation":0,"texture":"#3"},"west":{"uv":[0.0,9.5,1.0,10.5],"tintindex":0,"rotation":0,"texture":"#3"},"up":{"uv":[2.5,8.5,0.0,7.5],"tintindex":0,"rotation":0,"texture":"#3"},"down":{"uv":[5.0,7.5,2.5,8.5],"tintindex":0,"rotation":0,"texture":"#3"}},"rotation":{"origin":[8.0,10.508368,15.725147],"angle":-22.5,"axis":"x"}},{"from":[4.5,12.271784,7.0057497],"to":[11.5,14.271784,10.00575],"faces":{"east":{"uv":[7.0,7.5,8.5,8.5],"tintindex":0,"rotation":0,"texture":"#3"},"south":{"uv":[0.0,6.5,3.5,7.5],"tintindex":0,"rotation":0,"texture":"#3"},"north":{"uv":[4.0,5.5,7.5,6.5],"tintindex":0,"rotation":0,"texture":"#3"},"west":{"uv":[0.0,8.5,1.5,9.5],"tintindex":0,"rotation":0,"texture":"#3"},"up":{"uv":[7.0,1.5,3.5,0.0],"tintindex":0,"rotation":0,"texture":"#3"},"down":{"uv":[7.0,1.5,3.5,3.0],"tintindex":0,"rotation":0,"texture":"#3"}},"rotation":{"origin":[7.5,11.796783,11.105749],"angle":-22.5,"axis":"x"}},{"from":[3.975,3.9499989,5.6285715],"to":[3.975,12.924999,13.1285715],"faces":{"east":{"uv":[0.0,0.0,2.0,2.25],"tintindex":0,"rotation":0,"texture":"#0"},"west":{"uv":[2.0,0.0,0.0,2.25],"tintindex":0,"rotation":0,"texture":"#0"}}},{"from":[4.0,12.074999,5.4535713],"to":[12.0,12.074999,6.4785714],"faces":{"up":{"uv":[9.75,6.0,11.75,5.75],"tintindex":0,"rotation":0,"texture":"#0"},"down":{"uv":[11.75,5.75,9.75,6.0],"tintindex":0,"rotation":0,"texture":"#0"}},"rotation":{"origin":[8.0,12.549999,5.6535716],"angle":-22.5,"axis":"x"}}],"display":{"gui":{"rotation":[30,225,0]}}}