{"textures":{"0":"modelengine:entity/nocsy_pet_reaper"},"elements":[{"from":[1.7557309,7.199497,6.226186],"to":[4.1557307,9.599496,8.626185],"faces":{"east":{"uv":[1.5,10.5,1.0,11.0],"tintindex":0,"rotation":0,"texture":"#0"},"south":{"uv":[1.0,10.5,0.5,11.0],"tintindex":0,"rotation":0,"texture":"#0"},"north":{"uv":[10.75,9.5,10.25,10.0],"tintindex":0,"rotation":0,"texture":"#0"},"west":{"uv":[0.5,10.5,0.0,11.0],"tintindex":0,"rotation":0,"texture":"#0"},"up":{"uv":[1.5,11.0,2.0,10.5],"tintindex":0,"rotation":0,"texture":"#0"},"down":{"uv":[2.0,10.5,2.5,11.0],"tintindex":0,"rotation":0,"texture":"#0"}},"rotation":{"origin":[1.9557309,8.399497,7.4261856],"angle":-22.5,"axis":"y"}},{"from":[3.9432235,6.9994974,7.3],"to":[9.943224,6.9994974,10.3],"faces":{"up":{"uv":[1.25,9.75,2.75,9.0],"tintindex":0,"rotation":0,"texture":"#0"},"down":{"uv":[1.25,9.0,2.75,9.75],"tintindex":0,"rotation":0,"texture":"#0"}}},{"from":[3.9432235,9.999496,7.3],"to":[9.943224,9.999496,10.3],"faces":{"up":{"uv":[4.25,9.75,5.75,9.0],"tintindex":0,"rotation":0,"texture":"#0"},"down":{"uv":[4.25,9.0,5.75,9.75],"tintindex":0,"rotation":0,"texture":"#0"}}},{"from":[4.9432235,5.9994974,7.3],"to":[9.943224,9.999496,7.3],"faces":{"south":{"uv":[9.25,1.25,8.0,2.25],"tintindex":0,"rotation":0,"texture":"#0"},"north":{"uv":[8.0,1.25,9.25,2.25],"tintindex":0,"rotation":0,"texture":"#0"}}},{"from":[3.5432239,7.399497,7.1],"to":[6.543224,9.399496,9.1],"faces":{"east":{"uv":[1.25,10.0,0.75,10.5],"tintindex":0,"rotation":0,"texture":"#0"},"south":{"uv":[0.75,10.0,0.0,10.5],"tintindex":0,"rotation":0,"texture":"#0"},"north":{"uv":[10.5,9.0,9.75,9.5],"tintindex":0,"rotation":0,"texture":"#0"},"west":{"uv":[9.75,4.25,9.25,4.75],"tintindex":0,"rotation":0,"texture":"#0"},"up":{"uv":[8.25,10.5,9.0,10.0],"tintindex":0,"rotation":0,"texture":"#0"},"down":{"uv":[9.0,10.0,9.75,10.5],"tintindex":0,"rotation":0,"texture":"#0"}},"rotation":{"origin":[3.4432235,8.399497,8.8],"angle":-22.5,"axis":"y"}},{"from":[4.9432235,5.9994974,10.3],"to":[9.943224,9.999496,10.3],"faces":{"south":{"uv":[8.0,2.25,9.25,3.25],"tintindex":0,"rotation":0,"texture":"#0"},"north":{"uv":[9.25,2.25,8.0,3.25],"tintindex":0,"rotation":0,"texture":"#0"}}},{"from":[6.0432234,7.0994973,7.4],"to":[9.843224,9.899496,10.2],"faces":{"east":{"uv":[6.75,9.75,6.0,10.5],"tintindex":0,"rotation":0,"texture":"#0"},"south":{"uv":[10.25,7.5,9.25,8.25],"tintindex":0,"rotation":0,"texture":"#0"},"north":{"uv":[10.25,6.75,9.25,7.5],"tintindex":0,"rotation":0,"texture":"#0"},"west":{"uv":[6.0,9.75,5.25,10.5],"tintindex":0,"rotation":0,"texture":"#0"},"up":{"uv":[9.75,0.75,10.75,0.0],"tintindex":0,"rotation":0,"texture":"#0"},"down":{"uv":[1.25,9.75,2.25,10.5],"tintindex":0,"rotation":0,"texture":"#0"}}}],"display":{"gui":{"rotation":[30,225,0]}}}