{"textures":{"0":"modelengine:entity/nocsy_pet_reaper","2":"modelengine:entity/nocsy_pet_reaper_scythe"},"elements":[{"from":[6.8198934,6.2619996,6.2342925],"to":[10.619893,9.062,9.034292],"faces":{"east":{"uv":[5.25,9.75,6.0,10.5],"tintindex":0,"rotation":0,"texture":"#0"},"south":{"uv":[9.25,7.5,10.25,8.25],"tintindex":0,"rotation":0,"texture":"#0"},"north":{"uv":[9.25,6.75,10.25,7.5],"tintindex":0,"rotation":0,"texture":"#0"},"west":{"uv":[6.0,9.75,6.75,10.5],"tintindex":0,"rotation":0,"texture":"#0"},"up":{"uv":[10.75,0.75,9.75,0.0],"tintindex":0,"rotation":0,"texture":"#0"},"down":{"uv":[2.25,9.75,1.25,10.5],"tintindex":0,"rotation":0,"texture":"#0"}}},{"from":[6.7198935,9.162001,6.1342926],"to":[12.719894,9.162001,9.134293],"faces":{"up":{"uv":[5.75,9.75,4.25,9.0],"tintindex":0,"rotation":0,"texture":"#0"},"down":{"uv":[5.75,9.0,4.25,9.75],"tintindex":0,"rotation":0,"texture":"#0"}}},{"from":[10.119894,6.5620003,5.934293],"to":[13.119894,8.562,7.934293],"faces":{"east":{"uv":[9.25,4.25,9.75,4.75],"tintindex":0,"rotation":0,"texture":"#0"},"south":{"uv":[0.0,10.0,0.75,10.5],"tintindex":0,"rotation":0,"texture":"#0"},"north":{"uv":[9.75,9.0,10.5,9.5],"tintindex":0,"rotation":0,"texture":"#0"},"west":{"uv":[0.75,10.0,1.25,10.5],"tintindex":0,"rotation":0,"texture":"#0"},"up":{"uv":[9.0,10.5,8.25,10.0],"tintindex":0,"rotation":0,"texture":"#0"},"down":{"uv":[9.75,10.0,9.0,10.5],"tintindex":0,"rotation":0,"texture":"#0"}},"rotation":{"origin":[13.219894,7.5620003,7.6342926],"angle":22.5,"axis":"y"}},{"from":[12.907386,1.7620003,5.4604783],"to":[14.507386,4.3620005,7.0604787],"faces":{"east":{"uv":[8.0,8.5,9.0,10.0],"tintindex":0,"rotation":0,"texture":"#2"},"south":{"uv":[9.0,7.0,10.0,8.5],"tintindex":0,"rotation":0,"texture":"#2"},"north":{"uv":[8.0,7.0,9.0,8.5],"tintindex":0,"rotation":0,"texture":"#2"},"west":{"uv":[9.0,8.5,10.0,10.0],"tintindex":0,"rotation":0,"texture":"#2"},"up":{"uv":[11.0,9.0,10.0,8.0],"tintindex":0,"rotation":0,"texture":"#2"},"down":{"uv":[10.0,10.0,9.0,11.0],"tintindex":0,"rotation":0,"texture":"#2"}},"rotation":{"origin":[14.707386,7.5620003,6.2604785],"angle":22.5,"axis":"y"}},{"from":[6.7198935,6.1619997,6.1342926],"to":[12.719894,6.1619997,9.134293],"faces":{"up":{"uv":[2.75,9.75,1.25,9.0],"tintindex":0,"rotation":0,"texture":"#0"},"down":{"uv":[2.75,9.0,1.25,9.75],"tintindex":0,"rotation":0,"texture":"#0"}}},{"from":[12.507386,6.3620005,5.0604787],"to":[14.907386,8.762,7.4604783],"faces":{"east":{"uv":[0.0,10.5,0.5,11.0],"tintindex":0,"rotation":0,"texture":"#0"},"south":{"uv":[0.5,10.5,1.0,11.0],"tintindex":0,"rotation":0,"texture":"#0"},"north":{"uv":[10.25,9.5,10.75,10.0],"tintindex":0,"rotation":0,"texture":"#0"},"west":{"uv":[1.0,10.5,1.5,11.0],"tintindex":0,"rotation":0,"texture":"#0"},"up":{"uv":[2.0,11.0,1.5,10.5],"tintindex":0,"rotation":0,"texture":"#0"},"down":{"uv":[2.5,10.5,2.0,11.0],"tintindex":0,"rotation":0,"texture":"#0"}},"rotation":{"origin":[14.707386,7.5620003,6.2604785],"angle":22.5,"axis":"y"}},{"from":[6.7198935,5.1619997,6.1342926],"to":[11.719893,9.162001,6.1342926],"faces":{"south":{"uv":[8.0,1.25,9.25,2.25],"tintindex":0,"rotation":0,"texture":"#0"},"north":{"uv":[9.25,1.25,8.0,2.25],"tintindex":0,"rotation":0,"texture":"#0"}}},{"from":[12.907386,13.762,5.4604783],"to":[14.507386,21.362,7.0604787],"faces":{"east":{"uv":[5.0,7.0,6.0,11.0],"tintindex":0,"rotation":0,"texture":"#2"},"south":{"uv":[6.0,7.0,7.0,11.0],"tintindex":0,"rotation":0,"texture":"#2"},"north":{"uv":[4.0,7.0,5.0,11.0],"tintindex":0,"rotation":0,"texture":"#2"},"west":{"uv":[7.0,7.0,8.0,11.0],"tintindex":0,"rotation":0,"texture":"#2"},"up":{"uv":[11.0,10.0,10.0,9.0],"tintindex":0,"rotation":0,"texture":"#2"},"down":{"uv":[11.0,10.0,10.0,11.0],"tintindex":0,"rotation":0,"texture":"#2"}},"rotation":{"origin":[14.707386,7.5620003,6.2604785],"angle":22.5,"axis":"y"}},{"from":[14.307386,10.162001,6.3604784],"to":[27.307386,24.161999,6.3604784],"faces":{"south":{"uv":[6.5,0.0,0.0,7.0],"tintindex":0,"rotation":0,"texture":"#2"},"north":{"uv":[0.0,0.0,6.5,7.0],"tintindex":0,"rotation":0,"texture":"#2"}},"rotation":{"origin":[14.707386,7.5620003,6.2604785],"angle":22.5,"axis":"y"}},{"from":[6.7198935,5.1619997,9.134293],"to":[11.719893,9.162001,9.134293],"faces":{"south":{"uv":[9.25,2.25,8.0,3.25],"tintindex":0,"rotation":0,"texture":"#0"},"north":{"uv":[8.0,2.25,9.25,3.25],"tintindex":0,"rotation":0,"texture":"#0"}}},{"from":[13.207386,2.0620003,5.7604785],"to":[14.207386,17.062,6.7604785],"faces":{"east":{"uv":[1.0,7.0,1.5,15.0],"tintindex":0,"rotation":0,"texture":"#2"},"south":{"uv":[2.0,7.0,2.5,15.0],"tintindex":0,"rotation":0,"texture":"#2"},"north":{"uv":[0.0,7.0,0.5,15.0],"tintindex":0,"rotation":0,"texture":"#2"},"west":{"uv":[3.0,7.0,3.5,15.0],"tintindex":0,"rotation":0,"texture":"#2"},"up":{"uv":[11.0,8.0,10.0,7.0],"tintindex":0,"rotation":0,"texture":"#2"},"down":{"uv":[9.0,10.0,8.0,11.0],"tintindex":0,"rotation":0,"texture":"#2"}},"rotation":{"origin":[14.707386,7.5620003,6.2604785],"angle":22.5,"axis":"y"}}],"display":{"gui":{"rotation":[30,225,0]}}}