{"textures":{"0":"modelengine:entity/nocsy_pet_penguin"},"elements":[{"from":[6.36,2.558735,9.743636],"to":[9.639999,4.538735,11.9236355],"faces":{"east":{"uv":[2.25,4.0,2.75,4.5],"tintindex":0,"rotation":0,"texture":"#0"},"south":{"uv":[9.0,5.0,9.875,5.5],"tintindex":0,"rotation":0,"texture":"#0"},"north":{"uv":[9.0,4.5,9.875,5.0],"tintindex":0,"rotation":0,"texture":"#0"},"west":{"uv":[2.25,4.5,2.75,5.0],"tintindex":0,"rotation":0,"texture":"#0"},"up":{"uv":[9.75,5.875,9.0,5.5],"tintindex":0,"rotation":0,"texture":"#0"},"down":{"uv":[0.875,9.25,0.0,9.75],"tintindex":0,"rotation":0,"texture":"#0"}},"rotation":{"origin":[8.45,3.108735,10.953636],"angle":22.5,"axis":"x"}},{"from":[2.5,1.753768,4.03777],"to":[13.5,9.453768,10.63777],"faces":{"east":{"uv":[5.25,6.5,6.875,8.375],"tintindex":0,"rotation":0,"texture":"#0"},"south":{"uv":[0.0,2.0,2.75,3.875],"tintindex":0,"rotation":0,"texture":"#0"},"north":{"uv":[0.0,0.0,2.75,1.875],"tintindex":0,"rotation":0,"texture":"#0"},"west":{"uv":[7.0,0.0,8.625,1.875],"tintindex":0,"rotation":0,"texture":"#0"},"up":{"uv":[5.5,1.625,2.75,0.0],"tintindex":0,"rotation":0,"texture":"#0"},"down":{"uv":[5.5,1.75,2.75,3.375],"tintindex":0,"rotation":0,"texture":"#0"}}}],"display":{"gui":{"rotation":[30,225,0]}}}