{"textures":{"0":"modelengine:entity/nocsy_pet_penguin"},"elements":[{"from":[7.89,13.525784,4.7165027],"to":[7.89,17.925783,11.316503],"faces":{"east":{"uv":[1.5,7.5,3.125,8.625],"tintindex":0,"rotation":0,"texture":"#0"},"west":{"uv":[3.125,7.5,1.5,8.625],"tintindex":0,"rotation":0,"texture":"#0"}}},{"from":[4.59,13.525784,8.116503],"to":[11.190001,17.925783,8.116503],"faces":{"south":{"uv":[3.125,7.5,1.5,8.625],"tintindex":0,"rotation":0,"texture":"#0"},"north":{"uv":[1.5,7.5,3.125,8.625],"tintindex":0,"rotation":0,"texture":"#0"}}},{"from":[3.4899998,8.0257845,4.7065024],"to":[12.29,13.525784,11.306502],"faces":{"east":{"uv":[7.0,2.0,8.625,3.375],"tintindex":0,"rotation":0,"texture":"#0"},"south":{"uv":[5.0,5.0,7.25,6.375],"tintindex":0,"rotation":0,"texture":"#0"},"north":{"uv":[5.0,3.5,7.25,4.875],"tintindex":0,"rotation":0,"texture":"#0"},"west":{"uv":[7.0,6.5,8.625,7.875],"tintindex":0,"rotation":0,"texture":"#0"},"up":{"uv":[5.0,5.125,2.75,3.5],"tintindex":0,"rotation":0,"texture":"#0"},"down":{"uv":[2.25,4.0,0.0,5.625],"tintindex":0,"rotation":0,"texture":"#0"}}},{"from":[4.94,10.2757845,4.5715027],"to":[5.44,10.7757845,4.5715027],"faces":{"south":{"uv":[0.0,10.375,0.125,10.5],"tintindex":0,"rotation":0,"texture":"#0"},"north":{"uv":[0.0,10.375,0.125,10.5],"tintindex":0,"rotation":0,"texture":"#0"}}},{"from":[2.94,9.475784,4.596503],"to":[7.34,13.875784,4.596503],"faces":{"south":{"uv":[8.75,6.0,9.875,7.125],"tintindex":0,"rotation":0,"texture":"#0"},"north":{"uv":[4.0,8.75,5.125,9.875],"tintindex":0,"rotation":0,"texture":"#0"}}},{"from":[7.54,9.475784,4.596503],"to":[11.940001,13.875784,4.596503],"faces":{"south":{"uv":[3.875,8.75,2.75,9.875],"tintindex":0,"rotation":0,"texture":"#0"},"north":{"uv":[4.875,5.25,3.75,6.375],"tintindex":0,"rotation":0,"texture":"#0"}}},{"from":[9.74,10.2757845,4.5715027],"to":[10.24,10.7757845,4.5715027],"faces":{"south":{"uv":[0.0,10.375,0.125,10.5],"tintindex":0,"rotation":0,"texture":"#0"},"north":{"uv":[0.0,10.375,0.125,10.5],"tintindex":0,"rotation":0,"texture":"#0"}}},{"from":[7.002132,8.55,4.0],"to":[9.002132,9.55,6.0],"faces":{"east":{"uv":[6.5,9.0,7.0,9.25],"tintindex":0,"rotation":0,"texture":"#0"},"south":{"uv":[1.0,9.25,1.5,9.5],"tintindex":0,"rotation":0,"texture":"#0"},"north":{"uv":[6.5,8.75,7.0,9.0],"tintindex":0,"rotation":0,"texture":"#0"},"west":{"uv":[1.0,9.5,1.5,9.75],"tintindex":0,"rotation":0,"texture":"#0"},"up":{"uv":[3.75,8.0,3.25,7.5],"tintindex":0,"rotation":0,"texture":"#0"},"down":{"uv":[3.75,8.0,3.25,8.5],"tintindex":0,"rotation":0,"texture":"#0"}},"rotation":{"origin":[8.102132,8.7,5.2],"angle":45.0,"axis":"y"}},{"from":[7.29,9.15,4.1],"to":[9.49,10.18,6.3],"faces":{"east":{"uv":[0.75,9.75,1.5,10.25],"tintindex":0,"rotation":0,"texture":"#0"},"south":{"uv":[6.5,9.75,7.25,10.25],"tintindex":0,"rotation":0,"texture":"#0"},"north":{"uv":[0.0,9.75,0.75,10.25],"tintindex":0,"rotation":0,"texture":"#0"},"west":{"uv":[7.25,9.75,8.0,10.25],"tintindex":0,"rotation":0,"texture":"#0"},"up":{"uv":[2.25,6.5,1.5,5.75],"tintindex":0,"rotation":0,"texture":"#0"},"down":{"uv":[2.25,6.5,1.5,7.25],"tintindex":0,"rotation":0,"texture":"#0"}},"rotation":{"origin":[7.89,9.8,5.7],"angle":45.0,"axis":"y"}}],"display":{"gui":{"rotation":[30,225,0]}}}