{"textures":{"0":"modelengine:entity/nocsy_pet_penguin"},"elements":[{"from":[6.4049997,7.275,7.415],"to":[9.705,8.375,9.615],"faces":{"east":{"uv":[2.25,5.0,2.75,5.25],"tintindex":0,"rotation":0,"texture":"#0"},"south":{"uv":[9.0,9.75,9.875,10.0],"tintindex":0,"rotation":0,"texture":"#0"},"north":{"uv":[8.0,9.75,8.875,10.0],"tintindex":0,"rotation":0,"texture":"#0"},"west":{"uv":[1.5,7.25,2.0,7.5],"tintindex":0,"rotation":0,"texture":"#0"},"up":{"uv":[7.375,9.75,6.5,9.25],"tintindex":0,"rotation":0,"texture":"#0"},"down":{"uv":[8.375,9.25,7.5,9.75],"tintindex":0,"rotation":0,"texture":"#0"}}},{"from":[5.745,5.075,4.7349997],"to":[10.145,7.275,10.235],"faces":{"east":{"uv":[7.25,6.0,8.625,6.5],"tintindex":0,"rotation":0,"texture":"#0"},"south":{"uv":[8.75,8.75,9.875,9.25],"tintindex":0,"rotation":0,"texture":"#0"},"north":{"uv":[8.75,8.25,9.875,8.75],"tintindex":0,"rotation":0,"texture":"#0"},"west":{"uv":[8.75,3.0,10.125,3.5],"tintindex":0,"rotation":0,"texture":"#0"},"up":{"uv":[6.375,9.875,5.25,8.5],"tintindex":0,"rotation":0,"texture":"#0"},"down":{"uv":[9.875,0.0,8.75,1.375],"tintindex":0,"rotation":0,"texture":"#0"}}}],"display":{"gui":{"rotation":[30,225,0]}}}