{"textures":{"0":"modelengine:entity/nocsy_pet_penguin"},"elements":[{"from":[6.295,7.275,7.415],"to":[9.595,8.375,9.615],"faces":{"east":{"uv":[3.25,8.5,3.75,8.75],"tintindex":0,"rotation":0,"texture":"#0"},"south":{"uv":[10.0,0.25,10.875,0.5],"tintindex":0,"rotation":0,"texture":"#0"},"north":{"uv":[10.0,0.0,10.875,0.25],"tintindex":0,"rotation":0,"texture":"#0"},"west":{"uv":[6.5,8.5,7.0,8.75],"tintindex":0,"rotation":0,"texture":"#0"},"up":{"uv":[9.375,9.75,8.5,9.25],"tintindex":0,"rotation":0,"texture":"#0"},"down":{"uv":[10.375,9.25,9.5,9.75],"tintindex":0,"rotation":0,"texture":"#0"}}},{"from":[5.855,5.075,4.7349997],"to":[10.255,7.275,10.235],"faces":{"east":{"uv":[8.75,7.25,10.125,7.75],"tintindex":0,"rotation":0,"texture":"#0"},"south":{"uv":[9.0,4.0,10.125,4.5],"tintindex":0,"rotation":0,"texture":"#0"},"north":{"uv":[9.0,3.5,10.125,4.0],"tintindex":0,"rotation":0,"texture":"#0"},"west":{"uv":[8.75,7.75,10.125,8.25],"tintindex":0,"rotation":0,"texture":"#0"},"up":{"uv":[2.625,10.125,1.5,8.75],"tintindex":0,"rotation":0,"texture":"#0"},"down":{"uv":[9.875,1.5,8.75,2.875],"tintindex":0,"rotation":0,"texture":"#0"}}}],"display":{"gui":{"rotation":[30,225,0]}}}